Tip_ID,Category,Subcategory,Tip_Title,Tip_Description,Key_Benefit,Foods_Involved,Meal_Timing,Difficulty_Level,Scientific_Backing,Target_Audience,Avoid_If,Frequency_Recommendation
1,Hydration,Water Intake,Drink Water Before Meals,Drink a glass of water 20-30 minutes before every meal to reduce hunger and improve digestion,Reduces calorie intake by up to 13%,Plain water,Pre-meal,Easy,High (multiple clinical studies),General population,Kidney disease patients consult doctor,Before every meal
2,Hydration,Water Intake,Start Day with Warm Lemon Water,Drink warm lemon water on an empty stomach every morning to kickstart metabolism and aid digestion,Boosts metabolism and aids detox,Lemon + warm water,Morning (empty stomach),Easy,Moderate,General population,Acid reflux patients,Every morning
3,Hydration,Herbal Teas,Replace Sugary Drinks with Herbal Teas,Substitute sodas and juices with unsweetened herbal teas like green tea chamomile or peppermint,Reduces sugar intake significantly,Green tea chamomile peppermint,Any time,Easy,High,General population,None,2-3 cups daily
4,Hydration,Electrolytes,Add Electrolytes After Exercise,Replenish sodium potassium and magnesium after workouts through natural sources like coconut water or banana,Prevents dehydration and muscle cramps,Coconut water banana dates,Post-workout,Easy,High,Active individuals,None,After every workout
5,Hydration,Water Intake,Track Daily Water Intake,Use an app or marked bottle to ensure you drink at least 8 glasses (2 liters) of water daily,Prevents chronic dehydration,Plain water,Throughout day,Easy,High,General population,None,Daily
6,Macronutrients,Protein,Eat Protein at Every Meal,Include a quality protein source at every meal to support muscle repair reduce hunger and stabilize blood sugar,Keeps you full longer and supports metabolism,Eggs chicken fish lentils tofu,Every meal,Moderate,High,General population,Kidney disease patients,Every meal
7,Macronutrients,Protein,Prioritize Plant-Based Protein,Incorporate plant proteins like lentils chickpeas black beans and quinoa for sustainable nutrition,Lowers cholesterol and inflammation,Lentils chickpeas tofu tempeh quinoa,Lunch and dinner,Moderate,High,General population vegetarians,None,Daily
8,Macronutrients,Protein,Consume Protein Post-Workout,Eat 20-40g of protein within 45 minutes after exercise to maximize muscle protein synthesis,Accelerates muscle recovery,Whey protein eggs chicken Greek yogurt,Post-workout,Moderate,High,Athletes and active individuals,None,After every workout
9,Macronutrients,Carbohydrates,Choose Complex Carbs Over Simple Carbs,Swap white bread rice and pasta for whole grain versions to get more fiber and a slower glucose release,Stabilizes blood sugar and energy levels,Brown rice oats whole wheat quinoa sweet potato,Any meal,Easy,High,General population,Celiac disease (choose GF options),Daily
10,Macronutrients,Carbohydrates,Time Carbs Around Activity,Eat majority of carbohydrates before and after physical activity when muscles need glucose most,Optimizes energy and recovery,Oats banana sweet potato rice,Pre and post workout,Moderate,High,Active individuals,None,On workout days
11,Macronutrients,Carbohydrates,Reduce Refined Sugar,Eliminate or drastically reduce added sugars from diet by reading labels and avoiding packaged snacks,Reduces risk of diabetes and obesity,N/A - foods to avoid,All meals,Moderate,High,General population,None,Daily habit
12,Macronutrients,Fats,Include Healthy Fats Daily,Add sources of unsaturated fats like avocado olive oil nuts and seeds to support brain health and hormone production,Supports heart and brain health,Avocado olive oil walnuts almonds flaxseed,Any meal,Easy,High,General population,Gallbladder disease patients,Daily
13,Macronutrients,Fats,Avoid Trans Fats Completely,Read nutrition labels and eliminate all partially hydrogenated oils from your diet,Reduces cardiovascular disease risk,N/A - foods to avoid,All meals,Moderate,High,General population,None,Permanent habit
14,Macronutrients,Fats,Cook with Healthy Oils,Use extra virgin olive oil coconut oil or avocado oil instead of vegetable or seed oils for cooking,Reduces inflammation,Olive oil avocado oil coconut oil,Cooking,Easy,High,General population,None,Daily
15,Macronutrients,Fats,Eat Omega-3 Rich Foods,Consume fatty fish walnuts chia seeds and flaxseeds 3x per week for anti-inflammatory omega-3 fatty acids,Reduces inflammation and improves heart health,Salmon sardines mackerel walnuts chia seeds,Lunch or dinner,Easy,High,General population,Fish allergy (use plant sources),3x per week
16,Micronutrients,Vitamins,Eat the Rainbow,Choose vegetables and fruits of different colors daily to ensure a wide spectrum of vitamins antioxidants and phytonutrients,Covers broad micronutrient needs,All colorful vegetables and fruits,Every meal,Easy,High,General population,None,Daily
17,Micronutrients,Vitamins,Get Vitamin D Through Diet and Sun,Eat vitamin D rich foods like fatty fish egg yolks and fortified dairy and spend 15-20 min in morning sun daily,Supports immunity and bone health,Salmon egg yolks fortified milk mushrooms,Breakfast or lunch,Easy,High,General population,None,Daily
18,Micronutrients,Minerals,Increase Iron Intake Naturally,Eat iron-rich foods like spinach lentils red meat and pair with vitamin C sources to improve absorption,Prevents iron-deficiency anemia,Spinach lentils red meat pumpkin seeds,Any meal,Moderate,High,Women vegetarians athletes,Hemochromatosis patients,Daily
19,Micronutrients,Minerals,Boost Magnesium Intake,Include magnesium-rich foods like dark chocolate nuts seeds and leafy greens to support muscle and nerve function,Reduces muscle cramps and improves sleep,Dark chocolate almonds spinach pumpkin seeds,Any meal or snack,Easy,High,General population athletes,None,Daily
20,Micronutrients,Minerals,Increase Potassium Through Food,Eat bananas sweet potatoes avocados and beans to meet potassium needs and regulate blood pressure,Controls blood pressure,Banana avocado sweet potato beans,Any meal,Easy,High,General population,Kidney disease patients,Daily
21,Micronutrients,Antioxidants,Eat Berries Daily,Add blueberries strawberries raspberries or blackberries to meals for powerful antioxidants that fight cellular damage,Reduces oxidative stress and aging,Blueberries strawberries raspberries,Breakfast or snack,Easy,High,General population,None,Daily
22,Micronutrients,Antioxidants,Include Turmeric in Cooking,Add turmeric to curries soups and smoothies and combine with black pepper to enhance curcumin absorption by 2000%,Powerful anti-inflammatory effect,Turmeric black pepper,Any meal,Easy,High,General population,Blood thinners patients consult doctor,Daily
23,Micronutrients,Antioxidants,Drink Green Tea Daily,Replace one coffee with green tea to benefit from catechins that boost metabolism and protect against cell damage,Boosts metabolism and brain function,Green tea,Morning or afternoon,Easy,High,General population,Caffeine-sensitive individuals,1-3 cups daily
24,Meal Planning,Timing,Practice Intermittent Fasting,Restrict eating to an 8-hour window (e.g., 12pm-8pm) and fast for 16 hours to improve insulin sensitivity and burn fat,Improves insulin sensitivity and fat loss,Any healthy food within eating window,12pm - 8pm (common window),Moderate,High,Healthy adults,Pregnant women diabetics underweight individuals,Daily once established
25,Meal Planning,Timing,Eat Largest Meal at Lunch,Consume your biggest calorie meal at midday when metabolism is most active and reduce dinner portion size,Aligns with circadian metabolism,Any balanced meal,Lunchtime,Moderate,High,General population,Shift workers may adjust timing,Daily
26,Meal Planning,Timing,Stop Eating 2-3 Hours Before Bed,Avoid late night eating to allow proper digestion and prevent disruption to sleep quality and fat metabolism,Improves sleep and reduces fat storage,N/A - timing based,Evening (stop by 7-8pm),Moderate,High,General population,None,Daily habit
27,Meal Planning,Preparation,Meal Prep on Weekends,Batch cook proteins grains and vegetables on Sundays to have healthy meals ready throughout the week,Reduces reliance on unhealthy convenience food,Any whole foods,Weekend preparation,Moderate,Moderate,Busy individuals,None,Weekly
28,Meal Planning,Preparation,Use Smaller Plates,Switch to 9-inch plates instead of 12-inch plates to naturally reduce portion sizes by up to 22%,Reduces calorie intake without feeling deprived,Any food,Every meal,Easy,High (Cornell Food Lab studies),General population,None,Every meal
29,Meal Planning,Preparation,Cook at Home More Often,Prepare at least 5 meals per week at home where you control ingredients quality and portion sizes,Full control over nutrition and calories,Any whole food ingredients,Any meal,Moderate,High,General population,None,5+ meals per week
30,Meal Planning,Portions,Practice the Plate Method,Fill half your plate with vegetables one quarter with lean protein and one quarter with complex carbs at every meal,Ensures balanced macronutrient intake,Vegetables protein carbs,Every meal,Easy,High (dietitian-recommended),General population,None,Every meal
31,Meal Planning,Portions,Avoid Eating from Packages,Always transfer snacks to a bowl or plate instead of eating directly from bags to prevent mindless overconsumption,Reduces unconscious calorie intake,Any snack food,Snack time,Easy,High,General population,None,Always
32,Meal Planning,Portions,Learn to Read Nutrition Labels,Check serving sizes calories added sugars and sodium on all packaged foods before purchasing or consuming,Improves awareness of hidden calories,All packaged foods,Shopping/before eating,Easy,High,General population,None,Every purchase
33,Gut Health,Probiotics,Eat Fermented Foods Daily,Include yogurt kefir kimchi sauerkraut or kombucha daily to feed beneficial gut bacteria and support digestive health,Improves gut microbiome diversity,Yogurt kefir kimchi sauerkraut kombucha,Any meal,Easy,High,General population,Immunocompromised individuals consult doctor,Daily
34,Gut Health,Prebiotics,Eat Prebiotic Rich Foods,Consume garlic onion leeks asparagus and bananas to feed your existing good gut bacteria,Feeds beneficial gut bacteria,Garlic onions leeks asparagus oats,Any meal,Easy,High,General population,IBS patients (start small),Daily
35,Gut Health,Fiber,Increase Dietary Fiber Gradually,Add 5g more fiber per week gradually increasing to 25-35g daily through vegetables fruits legumes and whole grains,Supports digestion and reduces cholesterol,Vegetables fruits beans whole grains,Every meal,Moderate,High,General population,IBD patients (consult doctor),Daily
36,Gut Health,Fiber,Eat Soluble Fiber for Cholesterol,Add oats beans apples and flaxseeds which contain soluble fiber that binds to cholesterol and removes it from body,Lowers LDL cholesterol,Oats beans apples pears flaxseed,Breakfast and lunch,Easy,High,Adults with high cholesterol,None,Daily
37,Gut Health,Fiber,Eat Insoluble Fiber for Bowel Health,Add wheat bran nuts and vegetables with skins to promote regular bowel movements and prevent constipation,Prevents constipation,Wheat bran nuts vegetables with skins,Any meal,Easy,High,General population,IBD patients (consult doctor),Daily
38,Gut Health,Digestion,Chew Food Thoroughly,Chew each bite 20-30 times before swallowing to improve digestion reduce bloating and enhance nutrient absorption,Reduces bloating and improves nutrient absorption,All foods,Every meal,Easy,Moderate,General population,None,Every meal
39,Gut Health,Digestion,Eat Slowly and Mindfully,Take at least 20 minutes to finish each meal as the brain takes 20 minutes to register fullness from the stomach,Prevents overeating,All foods,Every meal,Moderate,High,General population,None,Every meal
40,Gut Health,Digestion,Avoid Drinking Water During Meals,Minimize large amounts of water during meals to prevent dilution of digestive enzymes and stomach acid,Improves digestive efficiency,Plain water,During meals - minimize,Easy,Moderate,People with digestive issues,None,Every meal
41,Weight Management,Calorie Awareness,Maintain a Moderate Caloric Deficit,Create a 300-500 calorie daily deficit through diet and exercise for sustainable weight loss of 0.5-1 lb per week,Sustainable fat loss without muscle loss,Any healthy food,All meals,Moderate,High,Overweight adults,Underweight individuals pregnant women,Daily
42,Weight Management,Calorie Awareness,Track Food Intake for 30 Days,Use an app like MyFitnessPal to track all food and drink for one month to build awareness of eating habits and patterns,Builds self-awareness around eating,All foods,All meals,Moderate,High,General population,Eating disorder history (consult doctor),For 30 consecutive days
43,Weight Management,Satiety,Eat High Volume Low Calorie Foods,Fill meals with foods like leafy greens cucumbers watermelon and broth-based soups that provide volume without many calories,Reduces hunger without excess calories,Leafy greens cucumber celery broth soups,Every meal,Easy,High,Weight management seekers,None,Daily
44,Weight Management,Satiety,Start Meals with Salad or Soup,Begin lunch and dinner with a broth-based soup or salad to pre-fill stomach with fiber and water before main course,Reduces main course consumption by 20%,Mixed salad broth soup,Before lunch and dinner,Easy,High,General population,None,Lunch and dinner
45,Weight Management,Satiety,Prioritize Protein for Satiety,Aim for 1.6-2.2g of protein per kg of body weight to maximize satiety hormone production and preserve lean muscle,Maximizes satiety and metabolism,Chicken eggs fish lentils cottage cheese,Every meal,Moderate,High,Active adults weight managers,Kidney disease,Daily
46,Weight Management,Metabolism,Eat Spicy Foods to Boost Metabolism,Add cayenne pepper chili flakes or jalapeños to meals as capsaicin can boost metabolism by 4-5% temporarily,Slight metabolic boost,Cayenne pepper chili jalapeños,Any meal,Easy,Moderate,General population,Acid reflux GERD patients,Daily if tolerated
47,Weight Management,Metabolism,Drink Cold Water for Calorie Burn,Drink cold water instead of room temperature water as body burns extra calories warming it to body temperature,Burns extra 8 calories per glass,Cold plain water,Throughout day,Easy,Low-Moderate,General population,None,Throughout day
48,Weight Management,Metabolism,Eat Breakfast to Boost Metabolism,Consume a protein-rich breakfast within 1-2 hours of waking to activate metabolism and prevent overeating later,Activates morning metabolism,Eggs oats yogurt,Within 2 hours of waking,Easy,Moderate,Non-IF practitioners,None,Daily
49,Blood Sugar,Glycemic Control,Follow Low Glycemic Index Eating,Choose foods with GI below 55 like sweet potatoes legumes and most fruits to prevent blood sugar spikes,Prevents blood sugar crashes and cravings,Sweet potato legumes berries whole grains,Every meal,Moderate,High,Diabetics prediabetics,None,Daily
50,Blood Sugar,Glycemic Control,Eat Vinegar Before High Carb Meals,Take 1-2 tablespoons of apple cider vinegar diluted in water before high carb meals to reduce glucose spike,Reduces post-meal glucose spike by up to 34%,Apple cider vinegar + water,Before carb-heavy meals,Easy,High,Diabetics and prediabetics,Acid reflux patients,Before high carb meals
51,Blood Sugar,Glycemic Control,Pair Carbs with Protein and Fat,Never eat carbohydrates alone - always combine with protein or fat to slow glucose absorption and prevent spikes,Slows glucose absorption,Any balanced combination,Every meal,Easy,High,General population especially diabetics,None,Every meal
52,Blood Sugar,Glycemic Control,Choose Whole Fruit Over Juice,Eat whole fruit instead of fruit juice to get fiber that slows sugar absorption and prevents blood sugar spikes,Reduces blood sugar spikes from fruit,All whole fruits,Snack time,Easy,High,General population,None,Daily
53,Blood Sugar,Insulin Sensitivity,Walk After Meals,Take a 10-15 minute walk after meals to significantly improve glucose uptake by muscles and reduce blood sugar levels,Reduces post-meal blood sugar by 30%,N/A - activity based,After every meal,Easy,High,General population diabetics,Mobility issues,After every meal
54,Blood Sugar,Insulin Sensitivity,Include Cinnamon in Diet,Add 1/2 teaspoon of Ceylon cinnamon to oatmeal smoothies or coffee daily to improve insulin sensitivity,Improves insulin sensitivity,Ceylon cinnamon,Breakfast,Easy,Moderate,Diabetics prediabetics,Blood thinner medication users,Daily
55,Blood Sugar,Insulin Sensitivity,Reduce Ultra Processed Food,Eliminate ultra-processed foods (chips cookies packaged meals) as they spike blood sugar and promote insulin resistance,Prevents insulin resistance,N/A - foods to avoid,All meals,Moderate,High,General population,None,Permanent habit
56,Heart Health,Cholesterol,Eat More Soluble Fiber,Consume oats barley psyllium husk and legumes daily as soluble fiber binds bile acids and reduces LDL cholesterol,Reduces LDL cholesterol by 5-10%,Oats barley psyllium husk beans,Breakfast and lunch,Easy,High,Adults with high cholesterol,None,Daily
57,Heart Health,Cholesterol,Include Plant Sterols,Consume foods fortified with plant sterols or naturally rich sources like nuts seeds and whole grains to block cholesterol absorption,Reduces LDL absorption,Nuts seeds whole grains fortified margarine,Any meal,Easy,High,High cholesterol adults,None,Daily
58,Heart Health,Sodium,Reduce Sodium Intake,Limit sodium to under 2300mg daily by avoiding processed foods cooking at home and using herbs instead of salt,Reduces blood pressure,All low sodium whole foods,All meals,Moderate,High,Hypertension patients general population,None,Daily
59,Heart Health,Sodium,Use Herbs and Spices Instead of Salt,Replace salt with herbs like rosemary thyme basil oregano and spices like cumin and coriander in cooking,Flavors food without raising blood pressure,Fresh/dried herbs and spices,Cooking,Easy,High,Hypertension patients,None,Daily cooking habit
60,Heart Health,Antioxidants,Eat Dark Chocolate Moderately,Consume 1-2 squares (20-30g) of 70%+ dark chocolate daily for flavonoids that improve blood flow and reduce inflammation,Improves endothelial function,Dark chocolate 70%+ cocoa,Snack,Easy,High,General population,Caffeine sensitivity migraine sufferers,Daily in moderation
61,Heart Health,Mediterranean Diet,Follow Mediterranean Diet Principles,Base your diet on olive oil vegetables fruits whole grains fish and legumes with minimal red meat and dairy,Reduces cardiovascular disease risk by 30%,Olive oil fish vegetables legumes whole grains,All meals,Moderate,Very High,General population,None,Long-term lifestyle
62,Heart Health,Omega-3,Eat Fatty Fish Twice a Week,Consume salmon mackerel sardines or herring twice a week for EPA and DHA omega-3s that reduce triglycerides and inflammation,Reduces triglycerides and blood pressure,Salmon mackerel sardines herring,Lunch or dinner,Easy,High,General population,Fish allergy,2x per week
63,Brain Health,Cognitive Function,Eat Brain Foods Daily,Include blueberries fatty fish walnuts dark chocolate and leafy greens for nutrients that support memory and cognitive function,Supports memory and reduces cognitive decline,Blueberries salmon walnuts dark chocolate kale,Any meal,Easy,High,Adults 40+,None,Daily
64,Brain Health,Cognitive Function,Follow the MIND Diet,Combine Mediterranean and DASH diet principles focusing on green leafy vegetables berries nuts beans whole grains fish poultry olive oil and wine (limited),Reduces Alzheimers risk by 53%,Leafy greens berries nuts beans whole grains fish,All meals,Moderate,High,Adults concerned about brain aging,None,Long-term lifestyle
65,Brain Health,Mood,Eat Tryptophan Rich Foods,Consume turkey eggs cheese nuts and seeds which are rich in tryptophan the precursor to serotonin the mood-regulating neurotransmitter,Supports serotonin production and mood,Turkey eggs cheese pumpkin seeds,Any meal,Easy,Moderate,General population people with mood issues,None,Daily
66,Brain Health,Mood,Avoid Alcohol for Mental Clarity,Reduce or eliminate alcohol consumption as it disrupts sleep depletes B vitamins and worsens anxiety and depression over time,Improves sleep mood and mental clarity,N/A - beverage to avoid,All occasions,Hard,High,General population,None,Permanent habit
67,Brain Health,Focus,Maintain Stable Blood Sugar for Focus,Eat regular meals with protein fat and fiber every 3-4 hours to maintain stable blood glucose for sustained cognitive focus,Prevents brain fog and concentration issues,Balanced meals,Every 3-4 hours,Moderate,High,Office workers students,None,Daily
68,Bone Health,Calcium,Eat Calcium Rich Foods,Consume dairy products fortified plant milks broccoli kale and almonds to meet 1000-1200mg daily calcium needs,Prevents osteoporosis and maintains bone density,Dairy milk kale broccoli almonds fortified milk,Any meal,Easy,High,Women 50+ adults 65+,Lactose intolerance (use dairy-free sources),Daily
69,Bone Health,Vitamin D,Optimize Vitamin D for Calcium Absorption,Ensure adequate vitamin D through sunlight fatty fish egg yolks or supplements as vitamin D is essential for calcium absorption,Doubles effectiveness of dietary calcium,Salmon egg yolks fortified milk,Morning,Easy,High,General population,None,Daily
70,Bone Health,Collagen,Eat Collagen Supporting Foods,Consume vitamin C rich foods (bell peppers citrus) with protein to support natural collagen production for bone and joint health,Supports bone matrix and joint health,Bell peppers citrus fruits eggs bone broth,Any meal,Easy,Moderate,Adults 35+,None,Daily
71,Immune Health,Vitamins,Boost Vitamin C Intake,Eat bell peppers citrus kiwi broccoli and strawberries daily to support immune cell function and reduce infection duration,Shortens cold duration and boosts immunity,Bell peppers oranges kiwi broccoli strawberries,Any meal,Easy,High,General population,Kidney stone history (consult doctor),Daily
72,Immune Health,Vitamins,Eat Zinc Rich Foods,Include beef pumpkin seeds chickpeas and cashews to meet zinc needs which supports immune cell development and wound healing,Supports immune cell function,Beef oysters pumpkin seeds chickpeas cashews,Any meal,Easy,High,General population,None,Daily
73,Immune Health,Anti-inflammatory,Follow Anti-Inflammatory Diet,Base diet on fatty fish leafy greens olive oil berries turmeric ginger and green tea while avoiding processed foods,Reduces systemic inflammation,Fatty fish leafy greens berries olive oil turmeric,All meals,Moderate,High,Adults with inflammatory conditions,None,Long-term lifestyle
74,Immune Health,Anti-inflammatory,Add Ginger to Daily Diet,Consume fresh or dried ginger in teas smoothies or cooking for gingerols that have powerful anti-inflammatory and antimicrobial effects,Reduces inflammation and nausea,Fresh ginger ginger tea,Any time,Easy,High,General population,Blood thinner medication users,Daily
75,Immune Health,Gut-Immune Connection,Support Gut for Strong Immunity,70% of immune system resides in gut - eat prebiotic and probiotic rich foods to maintain healthy gut flora and strong immunity,Strengthens immune response,Yogurt kefir kimchi garlic onions,Any meal,Easy,High,General population,Immunocompromised (consult doctor),Daily
76,Energy,Sustainable Energy,Eat Iron Rich Foods for Energy,Combine iron rich foods like spinach lentils red meat with vitamin C sources to enhance absorption and prevent fatigue,Prevents iron deficiency fatigue,Spinach lentils red meat + citrus vitamin C,Any meal,Moderate,High,Women vegetarians endurance athletes,Hemochromatosis,Daily
77,Energy,Sustainable Energy,Avoid Energy Drink Dependence,Replace energy drinks with whole food energy sources like oats banana and coffee for sustained energy without crashes,Prevents energy crashes and adrenal fatigue,Oats banana nuts coffee,Morning and afternoon,Moderate,High,General population,None,Permanent habit
78,Energy,Pre-Workout Nutrition,Eat the Right Pre-Workout Meal,Consume a meal with complex carbs and moderate protein 1.5-2 hours before exercise for optimal workout energy,Maximizes workout performance,Oats banana brown rice chicken,1.5-2 hours before exercise,Moderate,High,Active individuals,None,Before every workout
79,Energy,Recovery,Optimize Post-Workout Recovery Nutrition,Consume 3:1 carb to protein ratio within 45 minutes after exercise to replenish glycogen and begin muscle protein synthesis,Speeds up recovery by 40%,Chocolate milk banana + protein shake rice + chicken,Within 45 min post-workout,Moderate,High,Athletes active individuals,None,After every workout
80,Energy,B Vitamins,Eat B Vitamin Rich Foods,Include whole grains eggs meat legumes and leafy greens for B vitamins that are essential for converting food into cellular energy,Essential for cellular energy production,Whole grains eggs meat leafy greens nutritional yeast,Any meal,Easy,High,Vegetarians vegans elderly,None,Daily
81,Sleep,Nutrition for Sleep,Eat Tryptophan and Magnesium for Better Sleep,Consume turkey milk almonds and bananas in the evening as these contain tryptophan and magnesium that promote melatonin production,Improves sleep quality naturally,Turkey milk almonds banana,Dinner or evening snack,Easy,Moderate,People with sleep difficulties,None,Every evening
82,Sleep,Timing,Avoid Caffeine After 2pm,Stop consuming caffeine including coffee tea and chocolate after 2pm as caffeine has 5-6 hour half-life and disrupts sleep quality,Improves sleep onset and quality,N/A - substance to avoid,Stop by 2pm,Easy,High,General population,None,Daily habit
83,Sleep,Timing,Avoid Heavy Meals Before Bed,Stop eating heavy calorie-dense meals 3 hours before sleep to prevent acid reflux disrupted digestion and poor sleep quality,Prevents sleep disruption and reflux,N/A - timing based,Stop heavy eating by 7pm,Moderate,High,General population,None,Daily habit
84,Sleep,Blood Sugar at Night,Have a Small Protein Snack Before Bed,If hungry before bed consume cottage cheese Greek yogurt or a small handful of nuts to prevent blood sugar dips during sleep,Maintains stable blood sugar overnight,Cottage cheese Greek yogurt almonds,Before bed if hungry,Easy,Moderate,Athletes diabetics,None,As needed
85,Detox,Liver Health,Support Liver with Cruciferous Vegetables,Eat broccoli Brussels sprouts cauliflower and cabbage 3x per week as they contain sulforaphane that activates liver detox enzymes,Enhances liver detoxification pathways,Broccoli Brussels sprouts cauliflower cabbage,Any meal,Easy,High,General population,Thyroid patients (moderate intake),3x per week
86,Detox,Kidney Health,Eat Low Oxalate Foods for Kidney Health,If prone to kidney stones reduce high oxalate foods like spinach nuts chocolate and stay well hydrated with 2-3L water daily,Prevents kidney stone formation,N/A - varied based on oxalate content,All meals,Moderate,High,Kidney stone history,None,Daily monitoring
87,Detox,Antioxidants,Eat Foods Rich in Glutathione Precursors,Include garlic onions eggs asparagus and avocado which provide precursors to glutathione the body's master antioxidant,Boosts master antioxidant production,Garlic onions eggs asparagus avocado,Any meal,Easy,Moderate,General population,None,Daily
88,Special Diets,Plant-Based,Transition to More Plant-Based Eating,Add one plant-based meal per day replacing meat with lentils beans tofu or tempeh to reduce disease risk and environmental impact,Reduces chronic disease risk by 20-30%,Lentils beans tofu tempeh vegetables,Any meal,Moderate,High,General population,None,Start with 1 meal daily
89,Special Diets,Plant-Based,Ensure Complete Nutrition on Vegan Diet,Supplement B12 and monitor iodine iron omega-3 calcium and vitamin D when eating fully plant-based as these are harder to obtain,Prevents nutrient deficiencies on vegan diet,Fortified foods supplements,Daily,Moderate,High,Vegans,None,Daily
90,Special Diets,Keto,Understand Ketogenic Diet Properly,The keto diet (70% fat 25% protein 5% carbs) induces ketosis for fat burning but requires careful planning to avoid nutrient deficiencies,Effective for weight loss and blood sugar control,Avocado nuts seeds fatty fish olive oil eggs,All meals,Hard,High,Overweight adults diabetics,Kidney disease pancreatitis,Only under supervision
91,Special Diets,DASH Diet,Follow DASH Diet for Blood Pressure,The Dietary Approaches to Stop Hypertension (DASH) diet emphasizes fruits vegetables whole grains low fat dairy and limits sodium saturated fat and red meat,Reduces systolic blood pressure by 8-14 mmHg,Fruits vegetables whole grains low-fat dairy,All meals,Moderate,Very High,Hypertension patients,None,Long-term lifestyle
92,Special Diets,Paleo,Understand Paleo Diet Principles,Focus on whole unprocessed foods (meat fish eggs vegetables fruits nuts seeds) while eliminating grains legumes dairy and processed foods,Reduces inflammation and improves blood sugar,Meat fish eggs vegetables fruits nuts seeds,All meals,Moderate,Moderate,General population,Kidney disease patients,Long-term if chosen
93,Mindful Eating,Awareness,Practice Mindful Eating,Eat without screens or distractions focus on flavors textures and eating pace to improve enjoyment reduce overeating and improve digestion,Reduces overeating by 20-30%,Any food,Every meal,Moderate,High,General population emotional eaters,None,Every meal
94,Mindful Eating,Hunger Cues,Learn to Recognize True Hunger,Rate hunger on 1-10 scale before eating and only eat when at 3-4 (physically hungry not emotional boredom or habit),Prevents emotional and mindless eating,Any food,Before every eating occasion,Moderate,High,General population emotional eaters,Eating disorder history,Before every meal
95,Mindful Eating,Emotional Eating,Identify Emotional Eating Triggers,Keep a food mood journal to identify situations emotions or stressors that trigger unhealthy eating and develop alternative coping strategies,Breaks emotional eating cycles,N/A - behavioral intervention,All times,Hard,High,Emotional eaters,None,Daily journaling
96,Mindful Eating,Social Eating,Navigate Social Eating Wisely,Plan ahead for restaurant meals eat a small protein snack before events and choose grilled over fried options without feeling deprived,Maintains healthy habits in social settings,Grilled proteins salads vegetable sides,Social occasions,Moderate,Moderate,Social eaters,None,Every social occasion
97,Snacking,Healthy Snacks,Choose Nutrient Dense Snacks,Replace chips crackers and cookies with whole food snacks like apple with almond butter Greek yogurt or carrot with hummus,Reduces empty calorie consumption,Apple almond butter Greek yogurt hummus carrot,Between meals,Easy,High,General population,None,Daily snacking
98,Snacking,Timing,Limit Snacking to 1-2 Times Daily,Restrict snacking to once or twice daily and ensure at least 3 hours between eating occasions to allow insulin levels to normalize,Improves insulin sensitivity,Any whole food snack,Mid-morning or mid-afternoon,Moderate,High,General population,Diabetics may need more frequent small meals,Daily
99,Snacking,Planning,Prepare Healthy Snacks in Advance,Wash cut and portion fruits vegetables and nuts at start of week so healthy options are grab-and-go when hungry,Removes barrier to healthy snacking,Carrots celery fruit nuts seeds,Weekend prep,Easy,High,Busy individuals,None,Weekly prep
100,Snacking,Protein Snacks,Snack on Protein to Control Appetite,Choose protein-rich snacks like boiled eggs edamame cottage cheese or a handful of nuts to suppress hunger hormones between meals,Reduces total daily calorie consumption,Boiled eggs edamame cottage cheese nuts,Between meals,Easy,High,Weight management seekers,None,Daily
101,Children Diet,Growth,Ensure Complete Nutrition in Children,Include all food groups (protein dairy grains fruits vegetables) at every meal for children to support rapid growth and brain development,Supports physical and cognitive development,All food groups,Every meal,Moderate,High,Parents of children 2-18,None,Every meal
102,Children Diet,Sugar,Limit Added Sugar in Kids Diet,Reduce sugary cereals drinks and snacks in children's diet to under 25g added sugar daily to prevent obesity and dental decay,Prevents childhood obesity and dental issues,Whole fruits low-sugar options,All meals snacks,Moderate,High,Parents of children,None,Daily habit
103,Elderly Nutrition,Protein,Increase Protein for Elderly,Adults over 65 need 1.2-1.6g protein per kg bodyweight to prevent sarcopenia (muscle loss) that accelerates aging and frailty,Prevents age-related muscle loss,Eggs fish chicken dairy legumes,Every meal,Moderate,High,Adults 65+,Kidney disease,Daily
104,Elderly Nutrition,Hydration,Monitor Hydration in Elderly,Older adults have reduced thirst sensation - drink water on schedule (every 2 hours) regardless of thirst to prevent dehydration,Prevents dangerous dehydration,Plain water herbal teas,Every 2 hours,Easy,High,Adults 65+,None,Every 2 hours
105,Athletes,Performance,Carb Load Before Endurance Events,In the 2-3 days before a marathon or long event increase carb intake to 8-10g per kg bodyweight to maximize muscle glycogen stores,Maximizes endurance performance,Pasta rice bread oats,2-3 days pre-event,Moderate,High,Endurance athletes,Diabetics (consult doctor),Before major endurance events
106,Athletes,Recovery,Prioritize Sleep for Muscle Recovery,Most muscle protein synthesis occurs during sleep - ensure 7-9 hours and eat casein protein (cottage cheese) before bed to fuel overnight recovery,Maximizes overnight muscle repair,Cottage cheese Greek yogurt casein protein,Before sleep,Easy,High,Athletes strength trainers,None,Daily
107,Athletes,Hydration,Monitor Sweat Loss During Exercise,Weigh yourself before and after exercise - drink 500ml water for every 0.5kg lost to precisely replace sweat losses and prevent dehydration,Prevents performance-reducing dehydration,Water electrolyte drinks,During and after exercise,Moderate,High,Endurance athletes,None,Every training session
108,Pregnancy,Nutrition,Increase Folate Before and During Pregnancy,Consume folate rich foods (leafy greens legumes fortified grains) and take 400-800mcg folic acid supplement to prevent neural tube defects,Prevents neural tube defects,Leafy greens lentils fortified cereals,All meals,Easy,Very High,Women planning pregnancy and pregnant women,None,Daily
109,Pregnancy,Nutrition,Optimize Iron During Pregnancy,Increase iron intake through red meat lentils and fortified cereals during pregnancy as blood volume increases by 50% demanding more iron,Prevents pregnancy anemia,Red meat lentils fortified cereals,Any meal,Moderate,High,Pregnant women,None,Daily
110,Disease Prevention,Cancer,Follow Cancer Preventive Diet,Base diet on plant foods limit red and processed meat maintain healthy weight and limit alcohol to reduce cancer risk,Reduces overall cancer risk by 30-40%,Vegetables fruits whole grains fish poultry,All meals,Moderate,High,Adults 40+,None,Long-term lifestyle
111,Disease Prevention,Diabetes,Prevent Type 2 Diabetes Through Diet,Lose 5-7% body weight through diet reduce refined carbs and sugar increase fiber and exercise 150 min weekly to prevent or reverse prediabetes,Reduces diabetes risk by 58%,Whole grains vegetables legumes lean protein,All meals,Moderate,Very High,Prediabetics overweight adults,None,Long-term lifestyle
112,Disease Prevention,Inflammation,Adopt Anti-Inflammatory Eating Pattern,Eliminate vegetable oils processed foods refined sugar and excess alcohol while adding omega-3s turmeric ginger and polyphenol-rich foods,Reduces chronic disease risk across the board,Fatty fish berries leafy greens olive oil,All meals,Hard,High,Adults with inflammatory conditions,None,Long-term lifestyle
113,Fasting,Intermittent Fasting,Try 5:2 Fasting Method,Eat normally for 5 days and reduce calories to 500-600 on 2 non-consecutive days per week for weight management and metabolic benefits,Improves metabolic health and longevity markers,Any healthy food on normal days,5 normal days 2 restricted,Moderate,High,Healthy overweight adults,Diabetics pregnant women,Weekly (2 fast days)
114,Fasting,Time Restricted,Practice 14:10 Eating Window,Restrict eating to a 10-hour window (e.g., 8am-6pm) and fast for 14 hours as a gentler entry to time-restricted eating,Improves circadian rhythm alignment,Any healthy food,8am - 6pm,Easy,High,Beginners to intermittent fasting,Pregnant women diabetics,Daily
115,Cooking Methods,Food Prep,Steam Instead of Boil Vegetables,Steam vegetables instead of boiling to retain up to 50% more vitamins and minerals that leach into boiling water,Preserves nutrient content,All vegetables,Cooking,Easy,High,General population,None,Daily cooking
116,Cooking Methods,Food Prep,Use Low Heat for Cooking Oils,Avoid smoking oils by using appropriate heat levels - olive oil for medium heat avocado oil for high heat to prevent harmful oxidation,Prevents formation of harmful compounds,Olive oil avocado oil,Cooking,Easy,High,General population,None,Daily cooking
117,Cooking Methods,Food Prep,Eat Some Raw Vegetables Daily,Include raw salads or crudités daily as some nutrients like vitamin C and enzymes are destroyed by heat,Maximizes enzyme and heat-sensitive nutrient intake,Raw salad vegetables,Lunch or dinner,Easy,High,General population,Digestive issues (cook vegetables),Daily
118,Shopping,Grocery Habits,Shop the Perimeter of Grocery Store,Stick to the outer aisles of the supermarket where fresh produce meat dairy and whole foods are located and avoid inner aisles of processed foods,Reduces exposure to and purchase of processed foods,All fresh whole foods,Shopping,Easy,Moderate,General population,None,Every grocery trip
119,Shopping,Grocery Habits,Never Shop Hungry,Eat a small protein-rich snack before grocery shopping to prevent hunger-driven impulse purchases of unhealthy processed foods,Reduces unhealthy food purchases,Any food before shopping,Pre-shopping,Easy,High,General population,None,Every grocery trip
120,Shopping,Label Reading,Understand Ingredient Lists,Choose products with 5 or fewer recognizable whole food ingredients and avoid anything with ingredients you cannot pronounce or identify,Minimizes intake of artificial additives,All packaged products,Shopping,Easy,High,General population,None,Every purchase
