food_name,food_group,energy_kcal,protein_g,fat_g,carbohydrate_g,fiber_g,calcium_mg,iron_mg,sodium_mg,potassium_mg,vitamin_c_mg,vitamin_a_mcg,folate_mcg,zinc_mg,preparation_state,region,rag_description
"Rice, raw, milled (white rice)","Cereals",362,6.8,0.5,78.2,0.2,6,0.7,5,70,0,0,8,1.5,"Raw","Pan-India","White milled rice, staple grain of India, 362 kcal per 100g, low fiber, low fat, good carbohydrate source."
"Rice, parboiled (boiled rice)","Cereals",349,7.5,0.6,76.0,0.5,12,1.2,4,95,0,0,10,1.8,"Raw","South India","Parboiled rice retains more nutrients than milled rice, 349 kcal, higher protein and iron than white rice."
"Rice, brown (unpolished)","Cereals",357,7.9,2.7,73.0,3.4,23,1.8,7,223,0,0,20,2.5,"Raw","Pan-India","Brown rice with bran intact, 357 kcal, rich in fiber 3.4g, higher minerals and B vitamins than white rice."
"Rice, puffed (murmura)","Cereals",380,7.5,0.1,84.5,0.4,5,1.5,2,55,0,0,4,1.2,"Processed","Pan-India","Puffed rice (murmura), light snack, 380 kcal, very low fat, used in bhel puri and chivda."
"Rice, flattened (poha/chivda)","Cereals",346,6.6,1.1,77.0,0.9,14,2.7,3,76,0,0,7,1.1,"Processed","Maharashtra/West India","Flattened rice (poha), 346 kcal, good iron source at 2.7mg, popular breakfast food across India."
"Wheat, whole grain","Cereals",341,11.8,1.5,71.2,1.9,41,3.5,2,306,0,0,40,2.7,"Raw","North India","Whole wheat grain, 341 kcal, excellent protein 11.8g, high iron 3.5mg and fiber, staple of North India."
"Wheat flour, whole (atta)","Cereals",341,12.1,1.7,69.4,1.8,48,4.9,3,315,0,0,43,2.9,"Processed","Pan-India","Whole wheat flour (atta), 341 kcal, protein 12.1g, iron 4.9mg, used for chapati, roti, paratha daily."
"Wheat flour, refined (maida)","Cereals",348,10.3,0.9,73.9,0.3,23,2.7,3,107,0,0,12,0.7,"Processed","Pan-India","Refined wheat flour (maida), 348 kcal, low fiber 0.3g, lower nutrients than whole wheat atta."
"Wheat semolina (suji/rava)","Cereals",349,10.4,1.0,73.8,0.5,17,4.5,8,153,0,0,18,1.4,"Processed","Pan-India","Wheat semolina (suji/rava), 349 kcal, used for upma, halwa, idli; moderate protein and iron."
"Wheat vermicelli (seviyan)","Cereals",352,9.8,1.2,74.1,0.4,20,3.1,5,120,0,0,10,1.0,"Processed","North India","Wheat vermicelli (seviyan), 352 kcal, used in kheer and upma, moderate protein source."
"Jowar (sorghum), whole","Millets",349,10.4,1.9,72.6,1.6,25,4.1,1,350,0,0,32,1.7,"Raw","Maharashtra/Deccan","Sorghum (jowar), 349 kcal, rich iron 4.1mg and potassium 350mg, gluten-free millet for bhakri."
"Bajra (pearl millet), whole","Millets",361,11.6,5.0,67.5,1.3,42,8.0,10,307,0,0,45,3.1,"Raw","Rajasthan/Gujarat","Pearl millet (bajra), 361 kcal, very high iron 8.0mg, excellent protein 11.6g, zinc 3.1mg."
"Ragi (finger millet), whole","Millets",328,7.3,1.3,72.0,3.6,344,3.9,11,408,0,0,18,2.5,"Raw","South India/Karnataka","Finger millet (ragi/nachni), 328 kcal, exceptional calcium 344mg, high fiber 3.6g, iron 3.9mg."
"Maize (corn), dried","Cereals",342,8.8,3.6,73.3,2.7,10,2.3,10,330,0,48,25,2.1,"Raw","Pan-India","Dried maize (corn), 342 kcal, beta-carotene 48mcg, fiber 2.7g, protein 8.8g. Used for makki ki roti."
"Maize flour (makki atta)","Cereals",344,8.5,3.2,74.5,2.5,9,2.1,8,284,0,40,20,1.9,"Processed","Punjab/North India","Corn flour (makki atta), 344 kcal, gluten-free, used for makki di roti with sarson da saag in winter."
"Oats, rolled","Cereals",379,13.2,6.9,67.7,10.6,52,4.7,8,355,0,0,32,3.6,"Processed","Pan-India","Rolled oats, 379 kcal, very high fiber 10.6g (beta-glucan), excellent protein 13.2g, heart-healthy."
"Barley, whole (jau)","Cereals",336,11.5,1.3,69.6,3.9,26,3.7,12,452,0,0,19,2.8,"Raw","North India","Whole barley (jau), 336 kcal, high fiber 3.9g, good iron 3.7mg and potassium 452mg. Used in soups."
"Kodo millet (kodon)","Millets",353,9.8,2.6,72.9,9.0,35,1.7,4,188,0,0,28,1.6,"Raw","Central India","Kodo millet, 353 kcal, very high fiber 9g, traditional millet of Chhattisgarh and Madhya Pradesh."
"Foxtail millet (kangni)","Millets",351,12.3,4.3,60.9,6.7,31,2.8,4,250,0,0,15,2.4,"Raw","South India/AP","Foxtail millet (kangni), 351 kcal, high protein 12.3g, fiber 6.7g, iron 2.8mg. Used in pongal."
"Little millet (kutki)","Millets",341,9.7,4.7,67.0,7.6,17,9.3,8,300,0,0,36,2.2,"Raw","Central India","Little millet (kutki), 341 kcal, very high iron 9.3mg, fiber 7.6g. Used as rice substitute in tribal areas."
"Proso millet (chena)","Millets",356,12.5,3.5,70.4,2.2,14,0.8,6,142,0,0,23,1.6,"Raw","Pan-India","Proso millet (chena), 356 kcal, high protein 12.5g, lower iron but good carbohydrate source."
"Barnyard millet (sanwa)","Millets",342,11.2,3.9,65.5,13.6,20,5.0,20,210,0,0,45,3.0,"Raw","Himalayan/Uttarakhand","Barnyard millet (sanwa), 342 kcal, highest fiber 13.6g among millets, iron 5.0mg. Used during fasting."
"Bread, white (wheat)","Cereals",265,7.9,3.2,51.9,1.8,77,2.1,527,100,0,0,26,0.6,"Cooked","Pan-India","White bread, 265 kcal, high sodium 527mg, low fiber. Commonly consumed in urban India."
"Bread, brown (whole wheat)","Cereals",252,8.9,2.7,49.3,3.5,72,2.9,470,135,0,0,30,1.1,"Cooked","Pan-India","Whole wheat brown bread, 252 kcal, higher fiber 3.5g and protein than white bread."
"Rice, cooked (boiled)","Cereals",130,2.7,0.3,28.7,0.4,5,0.5,1,35,0,0,3,0.6,"Cooked","Pan-India","Cooked white rice, 130 kcal per 100g, easy to digest, low fiber, staple across all Indian meals."
"Chapati/Roti (whole wheat)","Cereals",297,9.5,3.7,60.8,1.9,37,3.8,2,240,0,0,34,2.2,"Cooked","Pan-India","Whole wheat chapati, 297 kcal, good protein 9.5g, iron 3.8mg. Standard Indian flatbread, 1 chapati ~40g."
"Paratha (plain, whole wheat)","Cereals",326,8.5,9.3,55.1,1.8,31,3.2,4,210,0,0,29,1.9,"Cooked","North India","Plain whole wheat paratha, 326 kcal, higher fat due to cooking oil/ghee, popular North Indian breakfast."
"Idli (steamed, rice+urad)","Cereals",132,4.2,0.5,27.7,0.5,20,1.0,156,78,0,0,9,0.5,"Cooked","South India","Steamed idli, 132 kcal, low fat, moderate protein, high sodium 156mg due to fermentation and salt. 1 idli ~40g."
"Dosa (plain rice and urad)","Cereals",168,3.9,3.7,31.1,0.3,17,1.2,210,95,0,0,8,0.5,"Cooked","South India","Plain dosa, 168 kcal, moderate fat from oil, fermented batter enhances B-vitamin bioavailability."
"Upma (semolina)","Cereals",155,3.8,5.1,25.3,0.6,16,1.9,220,102,2,5,7,0.7,"Cooked","South India","Semolina upma, 155 kcal, moderate fat, commonly eaten as South Indian breakfast with vegetables."
"Moong dal (green gram), whole","Pulses",334,24.0,1.3,56.7,4.1,124,4.4,28,1246,8,21,159,2.7,"Raw","Pan-India","Whole green gram (moong), 334 kcal, excellent protein 24g, very high potassium 1246mg, folate 159mcg."
"Moong dal, split yellow","Pulses",347,24.5,1.2,59.9,0.8,75,3.9,30,981,4,14,140,2.5,"Raw","Pan-India","Split yellow moong dal, 347 kcal, high protein 24.5g, easily digestible, low fiber. Popular everyday dal."
"Masoor dal (red lentil), whole","Pulses",343,25.1,0.7,59.0,4.9,68,7.6,30,803,4,3,181,3.3,"Raw","North India","Whole red lentil (masoor), 343 kcal, very high iron 7.6mg, excellent protein 25.1g, good folate."
"Masoor dal, split (pink lentil)","Pulses",353,25.8,0.9,62.0,1.0,56,5.8,36,730,2,2,122,2.8,"Raw","Pan-India","Split masoor dal, 353 kcal, protein 25.8g, high iron 5.8mg, quick cooking, most affordable dal."
"Chana dal (Bengal gram, split)","Pulses",372,20.8,5.6,59.8,1.2,56,5.3,64,875,3,3,140,2.9,"Raw","Pan-India","Split Bengal gram (chana dal), 372 kcal, protein 20.8g, fat 5.6g, used for dal, halwa, besan."
"Arhar/Toor dal (split pigeon pea)","Pulses",335,22.3,1.7,57.6,1.5,73,2.7,13,975,1,7,456,2.5,"Raw","Pan-India","Split pigeon pea (toor dal), 335 kcal, excellent folate 456mcg, protein 22.3g, staple of dal-rice."
"Urad dal (black gram), whole","Pulses",347,24.0,1.4,59.0,0.9,154,3.8,38,966,0,0,216,3.4,"Raw","South India","Whole black gram (urad), 347 kcal, very high calcium 154mg, protein 24g, folate 216mcg. For idli/dosa batter."
"Urad dal, split (white)","Pulses",349,24.6,1.2,59.6,0.7,138,3.5,40,800,0,0,195,3.0,"Raw","Pan-India","Split white urad dal, 349 kcal, high calcium 138mg, protein 24.6g, used for makhani dal."
"Rajma (kidney beans, red)","Pulses",346,22.9,1.3,60.6,6.4,260,5.1,10,1406,0,0,394,2.8,"Raw","North India","Red kidney beans (rajma), 346 kcal, exceptional calcium 260mg, potassium 1406mg, folate 394mcg."
"Kabuli chana (chickpeas, white)","Pulses",360,17.1,5.3,61.0,5.3,202,4.6,24,875,3,3,557,3.4,"Raw","Pan-India","White chickpeas (kabuli chana), 360 kcal, folate 557mcg, calcium 202mg, fiber 5.3g, protein 17.1g."
"Kala chana (black chickpea)","Pulses",364,17.9,5.0,64.4,5.7,211,4.6,67,802,0,0,95,3.5,"Raw","Pan-India","Black chickpeas (kala chana), 364 kcal, high calcium 211mg, fiber 5.7g, excellent for weight management."
"Moth beans (matki)","Pulses",330,23.4,1.1,56.5,4.5,202,9.6,26,1003,0,0,82,2.8,"Raw","Rajasthan","Moth beans (matki), 330 kcal, very high iron 9.6mg, calcium 202mg, protein 23.4g. Misal pav base."
"Cowpea (lobia/chawli)","Pulses",323,24.1,1.0,54.5,3.8,77,8.6,16,1234,1,0,633,3.4,"Raw","Pan-India","Cowpea (lobia), 323 kcal, exceptionally high folate 633mcg, iron 8.6mg, protein 24.1g, potassium 1234mg."
"Horse gram (kulthi)","Pulses",321,22.0,0.5,57.2,5.3,287,6.7,26,1200,1,0,64,1.2,"Raw","South India","Horse gram (kulthi), 321 kcal, very high calcium 287mg, iron 6.7mg. Used in rasam and sambar."
"Field beans (val papdi)","Pulses",347,24.9,0.8,60.1,5.7,160,8.4,36,790,3,0,112,2.5,"Raw","Gujarat/Maharashtra","Field beans (val), 347 kcal, high iron 8.4mg, calcium 160mg, protein 24.9g. Popular in Gujarati cuisine."
"Soybean, dried","Pulses",432,43.2,19.5,20.9,3.7,240,9.7,2,1797,0,2,375,4.2,"Raw","Central India","Dried soybean, 432 kcal, highest plant protein 43.2g, excellent calcium 240mg, iron 9.7mg, complete protein."
"Soy flour (defatted)","Pulses",350,52.4,1.0,29.0,4.4,296,10.7,11,2070,0,0,280,3.9,"Processed","Pan-India","Defatted soy flour, 350 kcal, extremely high protein 52.4g, best plant-based protein supplement."
"Lentils, cooked (masoor dal)","Pulses",116,9.0,0.4,20.1,3.1,17,3.3,238,369,2,0,181,1.3,"Cooked","Pan-India","Cooked masoor dal, 116 kcal, excellent iron 3.3mg, protein 9g, high sodium due to salt in cooking."
"Dal makhani (black dal, cooked)","Pulses",131,7.3,5.2,17.3,2.1,65,2.1,380,320,1,65,50,1.2,"Cooked","North India","Dal makhani, 131 kcal, protein 7.3g, fat 5.2g from cream/butter, rich Punjabi dish for special occasions."
"Chole masala (chickpea curry)","Pulses",160,8.2,5.8,22.5,4.1,87,2.9,420,380,5,42,110,1.5,"Cooked","Punjab/North India","Chole masala, 160 kcal, protein 8.2g, fat 5.8g from oil, fiber 4.1g, popular Punjabi chickpea curry."
"Spinach (palak), raw","Vegetables",26,2.0,0.7,2.9,0.6,73,1.14,24,466,28,628,194,0.5,"Raw","Pan-India","Fresh spinach (palak), 26 kcal, extremely high vitamin A 628mcg, folate 194mcg, iron 1.14mg, vitamin C 28mg."
"Fenugreek leaves (methi), raw","Vegetables",49,4.4,0.9,6.0,1.1,395,1.93,76,770,52,0,75,0.9,"Raw","Pan-India","Fresh methi leaves, 49 kcal, exceptional calcium 395mg, iron 1.93mg, vitamin C 52mg, bitter medicinal herb."
"Amaranth leaves (chaulai)","Vegetables",45,4.0,0.5,6.1,1.0,397,25.5,20,611,99,730,85,1.2,"Raw","Pan-India","Amaranth leaves (chaulai), 45 kcal, incredible iron 25.5mg, calcium 397mg, vitamin C 99mg, vitamin A 730mcg."
"Drumstick leaves (moringa)","Vegetables",92,6.7,1.7,12.5,0.9,440,7.0,42,259,220,783,40,0.6,"Raw","South India","Moringa (drumstick leaves), 92 kcal, exceptional calcium 440mg, iron 7mg, vitamin C 220mg, vitamin A 783mcg."
"Drumstick pods (sahajan)","Vegetables",26,2.5,0.1,3.7,4.8,24,0.36,42,461,141,7,10,0.3,"Raw","South India","Drumstick pods (sahajan), 26 kcal, very high vitamin C 141mg, fiber 4.8g, used in sambar."
"Curry leaves (kadi patta)","Vegetables",108,6.1,1.0,18.7,6.4,830,0.93,177,48,4,1898,93,0.1,"Raw","South India","Curry leaves, 108 kcal, exceptional calcium 830mg, vitamin A 1898mcg. Used as flavor agent, not eaten in bulk."
"Tomato, ripe, raw","Vegetables",20,0.9,0.2,3.6,0.8,20,0.64,15,237,27,42,15,0.2,"Raw","Pan-India","Ripe tomato, 20 kcal, good vitamin C 27mg, lycopene source, potassium 237mg, low calorie vegetable."
"Onion, raw","Vegetables",40,1.2,0.1,8.6,0.6,47,0.6,4,146,7,0,19,0.2,"Raw","Pan-India","Raw onion, 40 kcal, quercetin-rich, low calorie, prebiotic fiber, sulfur compounds for heart health."
"Garlic, raw","Vegetables",149,6.3,0.5,29.9,2.1,181,1.7,17,401,31,0,3,1.2,"Raw","Pan-India","Raw garlic, 149 kcal, allicin compound for immunity, calcium 181mg, protein 6.3g, potassium 401mg."
"Ginger, raw","Vegetables",80,2.3,0.9,15.5,2.0,16,0.6,13,415,5,0,11,0.3,"Raw","Pan-India","Fresh ginger, 80 kcal, anti-inflammatory gingerols, potassium 415mg, digestive aid used in Indian cooking."
"Green chilli (fresh)","Vegetables",40,2.0,0.2,7.3,1.5,30,1.0,7,340,242,28,23,0.3,"Raw","Pan-India","Green chilli, 40 kcal, exceptional vitamin C 242mg, capsaicin for metabolism, iron 1mg."
"Bitter gourd (karela)","Vegetables",25,1.6,0.2,4.2,2.8,19,0.43,5,296,84,17,72,0.8,"Raw","Pan-India","Bitter gourd (karela), 25 kcal, high vitamin C 84mg, charantin for blood sugar control, folate 72mcg."
"Bottle gourd (lauki/ghia)","Vegetables",15,0.2,0.1,2.5,0.6,26,0.46,2,150,10,0,4,0.7,"Raw","Pan-India","Bottle gourd (lauki), 15 kcal, very low calorie, high water content, easy to digest, good for weight loss."
"Ridge gourd (turai)","Vegetables",17,0.5,0.1,3.4,0.5,18,0.36,3,139,12,4,7,0.3,"Raw","Pan-India","Ridge gourd (turai), 17 kcal, very low calorie, high water, good for digestion and hydration."
"Snake gourd (chichinda)","Vegetables",18,0.5,0.3,3.3,0.6,26,0.5,2,150,13,0,7,0.3,"Raw","South/Central India","Snake gourd, 18 kcal, low calorie, cooling vegetable, vitamin C 13mg, potassium 150mg."
"Ivy gourd (tindora/kundru)","Vegetables",18,1.2,0.1,3.1,1.6,40,1.4,3,120,40,13,4,0.2,"Raw","Pan-India","Ivy gourd (tindora), 18 kcal, vitamin C 40mg, good iron 1.4mg for a vegetable, fiber 1.6g."
"Ash gourd (white gourd/petha)","Vegetables",10,0.4,0.1,1.9,0.8,26,0.4,1,140,11,0,5,0.2,"Raw","Pan-India","Ash gourd (petha), 10 kcal, extremely low calorie, high water content, cooling and alkaline vegetable."
"Pointed gourd (parwal)","Vegetables",20,2.0,0.3,2.2,3.0,30,1.7,3,83,29,0,5,0.5,"Raw","East/North India","Pointed gourd (parwal), 20 kcal, high fiber 3g, vitamin C 29mg, iron 1.7mg. Bengali and UP cuisine."
"Cluster beans (guar phali)","Vegetables",16,3.2,0.4,0.8,1.2,57,1.08,5,220,49,13,14,0.5,"Raw","Rajasthan/Gujarat","Cluster beans (guar phali), 16 kcal, protein 3.2g, calcium 57mg, vitamin C 49mg. For guar ki sabzi."
"French beans (fansi)","Vegetables",26,1.8,0.1,4.5,2.0,50,0.8,6,209,15,35,37,0.4,"Raw","Pan-India","French beans, 26 kcal, vitamin A 35mcg, folate 37mcg, fiber 2g, calcium 50mg. Healthy stir-fry vegetable."
"Lady's finger (okra/bhindi)","Vegetables",35,1.9,0.2,6.4,3.2,66,0.35,8,299,23,36,46,0.5,"Raw","Pan-India","Okra (bhindi), 35 kcal, high fiber 3.2g (mucilage), vitamin A 36mcg, folate 46mcg, calcium 66mg."
"Brinjal (eggplant/baingan)","Vegetables",24,1.4,0.3,4.0,1.3,18,0.38,3,229,5,6,22,0.2,"Raw","Pan-India","Brinjal (baingan), 24 kcal, low calorie, nasunin antioxidant in purple skin, potassium 229mg."
"Potato, raw","Vegetables",97,1.6,0.1,22.6,0.4,10,0.48,6,421,17,0,16,0.3,"Raw","Pan-India","Raw potato, 97 kcal, high potassium 421mg, vitamin C 17mg, mainly starch carbohydrate, widely consumed."
"Sweet potato, raw","Vegetables",86,1.2,0.3,20.1,3.0,30,0.61,5,337,22,961,11,0.3,"Raw","Pan-India","Sweet potato, 86 kcal, exceptional vitamin A 961mcg, vitamin C 22mg, fiber 3g. Healthier than regular potato."
"Colocasia (arbi/taro root)","Vegetables",97,3.0,0.1,21.2,4.1,40,0.72,11,591,5,0,22,0.2,"Raw","Pan-India","Arbi (taro), 97 kcal, potassium 591mg, fiber 4.1g, protein 3g. Used in arbi ki sabzi and sambar."
"Yam (jimikand/suran)","Vegetables",118,1.5,0.2,27.9,4.1,17,0.54,9,816,17,0,23,0.3,"Raw","Pan-India","Elephant foot yam (suran), 118 kcal, high potassium 816mg, fiber 4.1g. Good glycemic substitute for potato."
"Peas, green, raw","Vegetables",81,5.4,0.4,14.5,5.1,26,1.47,5,244,40,38,65,1.2,"Raw","Pan-India","Green peas, 81 kcal, protein 5.4g, fiber 5.1g, vitamin C 40mg, folate 65mcg. Used in pulao and matar paneer."
"Cauliflower, raw","Vegetables",25,1.9,0.5,4.0,2.0,33,0.42,30,299,48,1,57,0.4,"Raw","Pan-India","Cauliflower, 25 kcal, vitamin C 48mg, folate 57mcg, sulforaphane anticancer compound, low calorie."
"Cabbage, raw","Vegetables",25,1.3,0.2,4.7,1.8,40,0.47,18,246,51,5,43,0.2,"Raw","Pan-India","Raw cabbage, 25 kcal, vitamin C 51mg, folate 43mcg, anti-inflammatory. Used in coleslaw and sabzi."
"Carrot, raw","Vegetables",48,0.9,0.2,10.6,2.8,80,2.2,40,320,8,2001,19,0.3,"Raw","Pan-India","Raw carrot, 48 kcal, exceptional vitamin A 2001mcg (beta-carotene), calcium 80mg, fiber 2.8g."
"Beetroot, raw","Vegetables",43,1.7,0.1,9.6,2.8,16,0.80,78,325,10,2,109,0.4,"Raw","Pan-India","Raw beetroot, 43 kcal, high folate 109mg, potassium 325mg, nitrates for blood pressure, natural sweetness."
"Radish (mooli), white, raw","Vegetables",17,0.7,0.1,3.4,1.6,35,0.4,39,233,25,0,25,0.3,"Raw","North India","White radish (mooli), 17 kcal, vitamin C 25mg, digestive enzyme, used in parathas and salads."
"Lotus root (kamal kakdi)","Vegetables",74,2.6,0.1,16.0,3.1,26,1.16,40,556,44,0,13,0.4,"Raw","North India/Jammu","Lotus root (kamal kakdi), 74 kcal, vitamin C 44mg, potassium 556mg, fiber 3.1g. Used in Kashmiri cooking."
"Raw banana (kachcha kela)","Vegetables",89,1.3,0.3,22.8,2.6,3,0.3,4,358,8,4,14,0.2,"Raw","South India/Kerala","Raw banana, 89 kcal, resistant starch 2.6g, prebiotic, used in Kerala thoran and chips (vazhakkai)."
"Jackfruit, raw (kathal)","Vegetables",95,1.7,0.3,24.0,1.5,24,0.23,2,303,14,22,24,0.4,"Raw","South/East India","Raw jackfruit (kathal), 95 kcal, plant-based meat substitute, vitamin C 14mg, potassium 303mg."
"Cucumber (kheera), raw","Vegetables",13,0.7,0.1,2.2,0.5,16,0.3,2,136,2.8,5,14,0.2,"Raw","Pan-India","Cucumber (kheera), 13 kcal, 96% water, extremely low calorie, cooling summer vegetable, hydration aid."
"Capsicum green (shimla mirch)","Vegetables",20,0.9,0.3,4.6,1.7,9,0.34,3,177,80,18,10,0.1,"Raw","Pan-India","Green capsicum, 20 kcal, very high vitamin C 80mg, vitamin A 18mcg, low calorie. Sabzi and stuffed mirch."
"Capsicum red","Vegetables",31,1.0,0.3,6.0,2.1,7,0.43,2,211,128,157,46,0.3,"Raw","Pan-India","Red capsicum, 31 kcal, extremely high vitamin C 128mg and vitamin A 157mcg. Sweeter than green."
"Capsicum yellow","Vegetables",27,1.0,0.2,6.3,0.9,11,0.4,2,183,183,10,26,0.3,"Raw","Pan-India","Yellow capsicum, 27 kcal, highest vitamin C 183mg among bell peppers, antioxidant-rich, sweet flavor."
"Broccoli, raw","Vegetables",34,2.8,0.4,6.6,2.6,47,0.73,33,316,89,31,63,0.4,"Raw","Pan-India","Broccoli, 34 kcal, high vitamin C 89mg, folate 63mcg, sulforaphane anticancer, calcium 47mg, fiber 2.6g."
"Turnip (shalgam), raw","Vegetables",28,0.9,0.1,6.4,1.8,30,0.3,67,191,21,0,15,0.3,"Raw","North India","Turnip (shalgam), 28 kcal, vitamin C 21mg, calcium 30mg, used in Punjabi winter vegetables (saag mixes)."
"Coriander leaves (hara dhania)","Vegetables",44,3.3,0.6,7.3,2.8,184,1.42,46,521,135,337,62,0.5,"Raw","Pan-India","Coriander leaves, 44 kcal, remarkable vitamin A 337mcg, calcium 184mg, vitamin C 135mg. Garnish herb."
"Mint (pudina), fresh","Vegetables",70,3.8,0.9,14.9,8.0,243,5.1,31,569,31,212,105,0.6,"Raw","Pan-India","Fresh mint (pudina), 70 kcal, exceptional calcium 243mg, iron 5.1mg, vitamin A 212mcg. Used in chutneys."
"Pumpkin (kaddu), red, raw","Vegetables",26,1.0,0.1,6.5,0.5,21,0.8,1,340,9,426,16,0.3,"Raw","Pan-India","Red pumpkin (kaddu), 26 kcal, very high vitamin A 426mcg, potassium 340mg, low calorie."
"Mango, ripe (Alphonso)","Fruits",74,0.6,0.4,16.9,1.8,14,1.31,2,156,36,765,43,0.1,"Raw","Maharashtra/West India","Alphonso mango, 74 kcal, very high vitamin A 765mcg, vitamin C 36mg, folate 43mcg. King of Indian fruits."
"Mango, raw (green kachha aam)","Fruits",44,0.5,0.3,10.0,1.6,10,0.13,2,83,45,9,14,0.2,"Raw","Pan-India","Raw green mango, 44 kcal, vitamin C 45mg, used for chutneys, pickles, aam panna refreshing drink."
"Banana, ripe (common/robusta)","Fruits",116,1.2,0.3,27.2,0.9,17,0.36,36,358,7,8,20,0.2,"Raw","Pan-India","Ripe banana, 116 kcal, excellent potassium 358mg, instant energy carbohydrates, tryptophan for serotonin."
"Papaya, ripe","Fruits",32,0.6,0.1,7.2,0.8,17,0.5,3,182,57,328,37,0.1,"Raw","Pan-India","Ripe papaya, 32 kcal, high vitamin A 328mcg, vitamin C 57mg, papain enzyme for digestion, low calorie."
"Guava (amrud)","Fruits",51,0.9,0.3,11.2,5.4,10,0.26,2,417,228,31,49,0.2,"Raw","Pan-India","Guava, 51 kcal, exceptional vitamin C 228mg (highest among fruits), fiber 5.4g, potassium 417mg."
"Amla (Indian gooseberry)","Fruits",44,0.9,0.1,10.2,3.4,50,0.9,1,198,600,3,7,0.1,"Raw","Pan-India","Amla (Indian gooseberry), 44 kcal, extraordinary vitamin C 600mg, highest in nature, iron 0.9mg."
"Pomegranate (anar)","Fruits",65,0.9,0.3,14.5,0.6,10,0.3,3,236,10,0,38,0.4,"Raw","Maharashtra/Rajasthan","Pomegranate, 65 kcal, punicalagins antioxidant, folate 38mcg, potassium 236mg, anti-inflammatory."
"Watermelon (tarbuz)","Fruits",26,0.6,0.2,6.4,0.4,7,0.24,1,112,8,28,3,0.1,"Raw","Pan-India","Watermelon, 26 kcal, 92% water, lycopene antioxidant, vitamin A 28mcg, excellent summer hydration fruit."
"Orange (santra/mosambi)","Fruits",48,0.9,0.2,10.9,2.4,43,0.1,0,181,59,11,30,0.1,"Raw","Maharashtra/Nagpur","Orange, 48 kcal, excellent vitamin C 59mg, flavonoids for immunity, calcium 43mg, folate 30mcg."
"Sweet lime (mosambi)","Fruits",43,0.8,0.9,9.3,0.5,40,0.7,3,490,50,0,17,0.1,"Raw","Pan-India","Sweet lime (mosambi), 43 kcal, vitamin C 50mg, potassium 490mg, digestive juice recipe for hospitals."
"Apple, red (Shimla)","Fruits",59,0.3,0.4,13.8,2.4,6,0.12,1,107,4.6,3,3,0.0,"Raw","Himachal Pradesh","Red apple, 59 kcal, fiber 2.4g (pectin), quercetin, low calorie, polyphenols for gut health."
"Grapes, black","Fruits",71,0.6,0.4,16.5,0.3,13,0.26,2,191,4,10,4,0.1,"Raw","Maharashtra/Karnataka","Black grapes, 71 kcal, resveratrol antioxidant, polyphenols, natural sugars, potassium 191mg."
"Grapes, green (seedless)","Fruits",67,0.6,0.4,17.2,0.9,10,0.29,2,191,3.2,7,2,0.1,"Raw","Nashik/Maharashtra","Green seedless grapes, 67 kcal, antioxidant-rich, natural sugars, used in fresh fruit salads."
"Pineapple (ananas)","Fruits",50,0.5,0.1,13.1,1.4,13,0.29,1,109,48,3,18,0.1,"Raw","Kerala/Northeast","Pineapple, 50 kcal, bromelain digestive enzyme, vitamin C 48mg, manganese for bone health."
"Chikoo (sapota)","Fruits",83,0.7,1.1,19.9,5.3,21,0.8,12,193,14,3,14,0.1,"Raw","Maharashtra/Gujarat","Chikoo (sapota), 83 kcal, very high fiber 5.3g, natural sweetness, potassium 193mg. Popular dessert fruit."
"Jackfruit, ripe (kathal)","Fruits",95,1.7,0.3,24.0,1.5,34,0.6,3,303,14,22,24,0.4,"Raw","South/East India","Ripe jackfruit, 95 kcal, vitamin C 14mg, natural sweetness, potassium 303mg. Largest edible fruit."
"Coconut, fresh (nariyal)","Fruits",354,3.3,33.5,13.4,9.0,14,2.43,20,356,3,0,26,1.1,"Raw","South India/Kerala","Fresh coconut, 354 kcal, very high fat 33.5g (saturated MCT), fiber 9g, iron 2.43mg, medium-chain triglycerides."
"Custard apple (sitaphal)","Fruits",94,1.6,0.4,23.5,3.1,30,1.5,4,382,36,6,14,0.3,"Raw","Maharashtra","Custard apple (sitaphal), 94 kcal, vitamin C 36mg, iron 1.5mg, potassium 382mg, seasonal winter fruit."
"Lychee (litchi)","Fruits",66,0.8,0.3,16.5,1.3,5,0.31,1,171,71.5,0,14,0.1,"Raw","Bihar/Muzaffarpur","Lychee, 66 kcal, high vitamin C 71.5mg, potassium 171mg, natural sweetness, polyphenols."
"Jamun (Indian blackberry)","Fruits",62,0.7,0.3,14.0,0.6,15,0.19,26,55,18,3,0,0.2,"Raw","Pan-India","Jamun, 62 kcal, anthocyanins for blood sugar control, traditional diabetic-friendly fruit, sodium 26mg."
"Dates, dry (khajur)","Fruits",317,2.5,0.4,75.8,8.0,63,1.99,1,646,0,3,19,0.4,"Dried","Rajasthan","Dried dates, 317 kcal, very high fiber 8g, potassium 646mg, iron 1.99mg, natural energy dense food."
"Fig, dry (anjeer)","Fruits",249,3.5,1.0,63.9,9.8,144,2.03,14,680,1,3,14,0.5,"Dried","Pan-India","Dried fig (anjeer), 249 kcal, very high fiber 9.8g, calcium 144mg, iron 2mg, prebiotic for gut health."
"Raisins (kishmish)","Fruits",299,3.1,0.5,79.2,3.7,50,1.88,11,749,2,0,5,0.2,"Dried","Pan-India","Raisins (kishmish), 299 kcal, high potassium 749mg, iron 1.88mg, natural sweetener and energy source."
"Tamarind (imli)","Fruits",239,2.8,0.6,62.5,5.1,74,2.8,28,628,3,2,14,0.1,"Raw","South India","Tamarind (imli), 239 kcal, high potassium 628mg, iron 2.8mg, tartaric acid for sourness. Sambar base."
"Ber (Indian jujube)","Fruits",74,0.8,0.07,17.0,0.6,25,0.76,3,272,76,5,40,0.5,"Raw","Rajasthan/UP","Indian jujube (ber), 74 kcal, vitamin C 76mg, folate 40mcg, potassium 272mg. Winter season fruit."
"Starfruit (carambola)","Fruits",31,1.0,0.3,6.7,2.8,3,0.08,2,133,34,3,12,0.1,"Raw","South India","Star fruit (carambola), 31 kcal, vitamin C 34mg, oxalic acid—avoid with kidney disease, high fiber."
"Wood apple (bael)","Fruits",137,1.8,0.3,31.8,2.9,85,0.6,55,600,8,186,85,0.5,"Raw","Pan-India","Bael (wood apple), 137 kcal, very high vitamin A 186mcg, calcium 85mg, potassium 600mg, medicinal fruit."
"Kokum (raw)","Fruits",62,0.5,0.1,15.7,0.4,25,1.7,6,238,7,6,3,0.1,"Raw","Konkan/Goa","Kokum, 62 kcal, hydroxycitric acid for appetite suppression, used in Konkani sol kadhi and rasam."
"Milk, cow, whole","Dairy",67,3.2,4.1,4.4,0,120,0.2,44,152,1,28,5,0.4,"Raw","Pan-India","Whole cow milk, 67 kcal, calcium 120mg, protein 3.2g, fat 4.1g, vitamin A 28mcg. Complete nutrition."
"Milk, buffalo, whole","Dairy",117,4.3,8.0,5.1,0,195,0.2,52,178,2,56,6,0.5,"Raw","Pan-India","Whole buffalo milk, 117 kcal, very high calcium 195mg and fat 8g, richer than cow milk. Paneer base."
"Milk, skim (toned)","Dairy",35,3.4,0.1,5.0,0,124,0.1,52,166,0,1,5,0.4,"Processed","Pan-India","Skimmed (toned) milk, 35 kcal, excellent calcium 124mg, high protein 3.4g, very low fat 0.1g."
"Curd (dahi), cow milk","Dairy",60,3.1,3.4,3.0,0,149,0.2,46,141,0,10,7,0.4,"Fermented","Pan-India","Homemade cow milk curd (dahi), 60 kcal, calcium 149mg, probiotics for gut, protein 3.1g."
"Curd (dahi), buffalo milk","Dairy",93,3.7,6.2,4.9,0,188,0.2,53,177,0,28,7,0.5,"Fermented","Pan-India","Buffalo milk curd, 93 kcal, high calcium 188mg, fat 6.2g, thick curd (chakka) base for shrikhand."
"Paneer (cottage cheese, cow)","Dairy",265,18.3,20.8,1.2,0,480,0.5,37,104,0,88,12,1.6,"Processed","Pan-India","Cow milk paneer, 265 kcal, excellent calcium 480mg, very high protein 18.3g, fat 20.8g. Vegetarian protein king."
"Paneer (cottage cheese, buffalo)","Dairy",321,14.0,27.5,3.1,0,527,0.4,62,116,0,100,10,1.2,"Processed","Pan-India","Buffalo milk paneer, 321 kcal, exceptional calcium 527mg, protein 14g, high fat 27.5g."
"Ghee (clarified butter, cow)","Dairy",900,0,99.5,0.5,0,4,0,2,5,0,600,0,0,"Processed","Pan-India","Cow ghee, 900 kcal, almost pure fat 99.5g, butyric acid for gut health, vitamin A 600mcg. Used sparingly."
"Butter (white, salted)","Dairy",729,0.5,81.0,0.4,0,19,0.1,576,23,0,683,3,0.1,"Processed","Pan-India","Salted white butter, 729 kcal, high sodium 576mg, fat 81g, vitamin A 683mcg. Used on roti and bread."
"Buttermilk (chaas/lassi thin)","Dairy",15,0.8,0.3,1.7,0,37,0.1,41,61,0,4,2,0.1,"Fermented","Pan-India","Buttermilk (chaas), 15 kcal, low calorie probiotic drink, calcium 37mg, summer cooling beverage."
"Lassi (sweet, full fat)","Dairy",84,3.5,3.7,10.5,0,135,0.1,58,145,0,18,5,0.4,"Processed","Punjab/North India","Sweet lassi, 84 kcal, calcium 135mg, protein 3.5g, probiotic, Punjabi cooling summer drink."
"Khoa/Mawa (unsweetened)","Dairy",421,15.6,31.2,21.0,0,500,0.4,112,435,0,200,18,1.7,"Processed","North India","Khoa (mawa), 421 kcal, exceptional calcium 500mg, protein 15.6g, base for barfi, halwa, mithai."
"Ice cream (vanilla, full fat)","Dairy",207,3.5,11.0,23.6,0,128,0.1,80,199,0,140,4,0.4,"Processed","Pan-India","Vanilla ice cream, 207 kcal, calcium 128mg, high sugar 23.6g, fat 11g. Treat food, limit intake."
"Cheese, processed (Amul type)","Dairy",313,20.0,24.0,3.0,0,620,0.3,750,120,0,300,8,2.5,"Processed","Pan-India","Processed cheese, 313 kcal, very high calcium 620mg, very high sodium 750mg, protein 20g."
"Whey protein powder","Dairy",352,80.0,4.0,7.0,0,400,0.5,300,500,0,0,20,4.0,"Processed","Pan-India","Whey protein powder, 352 kcal, excellent protein 80g per 100g, calcium 400mg, post-workout supplement."
"Egg, hen, whole","Eggs",173,13.3,13.3,0,0,60,1.79,129,138,0,160,47,1.1,"Raw","Pan-India","Whole hen egg, 173 kcal, complete protein 13.3g, vitamin A 160mcg, folate 47mcg, iron 1.79mg."
"Egg white (albumen) only","Eggs",52,10.9,0.2,0.7,0,7,0.1,166,163,0,0,4,0.0,"Raw","Pan-India","Egg white, 52 kcal, high protein 10.9g, near-zero fat, sodium 166mg, essential for low-fat high-protein diet."
"Egg yolk only","Eggs",358,16.0,30.9,0.3,0,129,2.7,48,109,0,381,146,2.3,"Raw","Pan-India","Egg yolk, 358 kcal, very high fat 30.9g, choline 146mg, vitamin A 381mcg, folate 146mcg, iron 2.7mg."
"Chicken, breast, boneless, raw","Meat",120,22.5,2.6,0,0,15,1.0,74,302,0,9,4,1.1,"Raw","Pan-India","Raw chicken breast, 120 kcal, excellent lean protein 22.5g, low fat 2.6g, potassium 302mg, best diet protein."
"Chicken, thigh, bone-in, raw","Meat",177,18.3,11.4,0,0,11,1.1,79,250,0,60,6,2.0,"Raw","Pan-India","Raw chicken thigh, 177 kcal, protein 18.3g, fat 11.4g including skin, iron 1.1mg."
"Chicken, liver, raw","Meat",119,17.0,4.9,0.7,0,11,8.99,71,220,27,3296,588,3.9,"Raw","Pan-India","Chicken liver, 119 kcal, extraordinarily high vitamin A 3296mcg, folate 588mcg, iron 8.99mg. Nutrient powerhouse."
"Mutton (goat meat), lean, raw","Meat",118,18.5,4.9,0,0,13,2.7,82,310,0,0,8,4.2,"Raw","Pan-India","Lean goat mutton, 118 kcal, protein 18.5g, high iron 2.7mg and zinc 4.2mg, heme iron for absorption."
"Beef, lean, raw","Meat",143,19.0,7.0,0,0,18,2.6,54,318,0,0,8,4.8,"Raw","Coastal/Northeast","Lean beef, 143 kcal, protein 19g, high zinc 4.8mg and iron 2.6mg. Consumed in coastal and NE India."
"Pork, lean, raw","Meat",143,20.1,7.2,0,0,19,1.1,53,358,0,2,5,2.5,"Raw","Northeast/Goa","Lean pork, 143 kcal, protein 20.1g, thiamine-rich, potassium 358mg. Consumed in Goa and Northeast India."
"Fish, rohu (Labeo rohita), raw","Fish",97,16.6,1.4,4.4,0,650,1.0,49,0,0,0,15,1.4,"Raw","East India/Bengal","Rohu fish, 97 kcal, protein 16.6g, exceptional calcium 650mg (with bones), omega-3 fatty acids."
"Fish, catla (Indian carp), raw","Fish",111,17.8,2.2,5.0,0,530,0.9,65,0,0,0,12,1.1,"Raw","East India/Bengal","Catla fish (Indian carp), 111 kcal, protein 17.8g, calcium 530mg (with bones), commonly eaten in Bengal."
"Fish, sardine (mathi), raw","Fish",163,21.1,8.4,0,0,351,2.9,307,397,0,41,10,1.3,"Raw","Kerala/Goa","Sardine (mathi), 163 kcal, exceptional calcium 351mg, iron 2.9mg, omega-3 rich, vitamin A 41mcg."
"Fish, mackerel (bangda), raw","Fish",205,21.8,13.9,0,0,66,1.4,83,314,0,50,7,0.6,"Raw","Kerala/Goa/Coastal","Mackerel (bangda), 205 kcal, high omega-3 DHA/EPA, protein 21.8g, vitamin A 50mcg. Weekly fish choice."
"Fish, pomfret (paplet), raw","Fish",112,19.4,3.3,0,0,26,0.5,81,305,0,13,9,0.5,"Raw","West India/Mumbai","Pomfret (paplet), 112 kcal, protein 19.4g, low fat, delicate flavor. Popular in Mumbai coastal cuisine."
"Prawn/Shrimp, raw","Seafood",106,20.3,1.7,0.9,0,59,1.8,152,185,0,54,9,1.1,"Raw","Coastal India","Raw prawn (shrimp), 106 kcal, excellent protein 20.3g, calcium 59mg, iron 1.8mg, cholesterol 166mg."
"Crab, raw","Seafood",87,18.1,1.1,0,0,89,0.7,293,264,0,0,0,3.8,"Raw","Coastal India","Raw crab, 87 kcal, protein 18.1g, high zinc 3.8mg, calcium 89mg, selenium antioxidant mineral."
"Almonds (badam), raw","Nuts",655,21.2,52.5,20.4,12.5,269,3.7,3,705,0,0,50,3.7,"Raw","Pan-India","Raw almonds, 655 kcal, excellent protein 21.2g, vitamin E, calcium 269mg, magnesium, fiber 12.5g."
"Walnuts (akhrot), raw","Nuts",685,15.2,65.2,13.7,6.7,98,2.9,2,441,1.3,1,98,3.1,"Raw","Jammu/Kashmir","Raw walnuts, 685 kcal, best plant omega-3 ALA 9g, protein 15.2g, calcium 98mg, folate 98mcg."
"Cashew nuts (kaju), raw","Nuts",596,18.2,46.9,26.9,3.3,45,6.7,12,660,0,0,25,5.8,"Raw","Goa/Kerala","Raw cashew nuts, 596 kcal, high iron 6.7mg and zinc 5.8mg, protein 18.2g, magnesium 292mg."
"Peanuts/Groundnuts, raw","Nuts",567,25.8,49.2,16.1,8.5,92,4.6,18,705,0,0,246,3.3,"Raw","Gujarat/AP","Raw groundnuts (peanuts), 567 kcal, excellent protein 25.8g, folate 246mcg, fiber 8.5g, niacin."
"Peanuts, roasted (bhuna sing)","Nuts",585,26.0,49.5,17.0,8.0,55,1.9,7,689,0,0,106,3.3,"Processed","Pan-India","Roasted peanuts, 585 kcal, protein 26g, good fat, fiber 8g. Popular Indian snack for winter evening."
"Pistachios (pista), raw","Nuts",562,20.2,45.4,27.5,10.6,107,3.9,1,1025,5.6,26,51,2.2,"Raw","Pan-India","Pistachios, 562 kcal, protein 20.2g, potassium 1025mg, calcium 107mg, fiber 10.6g, carotenoid lutein."
"Sesame seeds (til)","Oil Seeds",573,17.7,49.7,23.4,11.8,975,14.6,11,468,0,0,97,7.8,"Raw","Pan-India","Sesame seeds (til), 573 kcal, exceptional calcium 975mg, iron 14.6mg, zinc 7.8mg, protein 17.7g."
"Flaxseeds (alsi)","Oil Seeds",534,18.3,42.2,28.9,27.3,255,5.7,30,813,0.6,0,87,4.3,"Raw","Pan-India","Flaxseeds (alsi), 534 kcal, highest plant omega-3 ALA, fiber 27.3g, protein 18.3g, calcium 255mg."
"Sunflower seeds","Oil Seeds",584,20.8,51.5,20.0,8.6,78,5.3,9,645,1.4,3,227,5.0,"Raw","Pan-India","Sunflower seeds, 584 kcal, vitamin E 35.17mg (highest), protein 20.8g, folate 227mcg, magnesium."
"Pumpkin seeds (kaddu beej)","Oil Seeds",559,30.2,49.1,10.7,6.0,46,8.8,7,809,1.9,16,57,7.8,"Raw","Pan-India","Pumpkin seeds, 559 kcal, exceptional zinc 7.8mg and iron 8.8mg, protein 30.2g, magnesium, potassium 809mg."
"Chia seeds","Oil Seeds",486,16.5,30.7,42.1,34.4,631,7.7,16,407,1.6,14,49,4.6,"Raw","Pan-India","Chia seeds, 486 kcal, exceptional calcium 631mg, iron 7.7mg, omega-3 ALA, fiber 34.4g (highest), protein 16.5g."
"Coconut, desiccated (dry)","Nuts",592,6.9,57.2,23.7,16.3,26,3.3,37,543,0,0,12,2.0,"Processed","South India","Desiccated coconut, 592 kcal, high saturated fat 57g, MCT oils, fiber 16.3g, iron 3.3mg."
"Charoli seeds (chironji)","Nuts",596,31.4,55.4,0.2,3.8,279,5.7,27,640,6,0,56,3.9,"Raw","Pan-India","Charoli (chironji), 596 kcal, very high protein 31.4g, calcium 279mg, iron 5.7mg. Used in kheer and halwa."
"Lotus seeds (makhana, dry)","Nuts",350,9.7,0.1,76.9,0.5,60,1.4,5,367,0,0,15,1.0,"Processed","Bihar/East India","Dry lotus seeds (makhana), 350 kcal, low fat 0.1g, protein 9.7g, potassium 367mg. Popular fasting snack."
"Mustard oil (sarson ka tel)","Oils",900,0,99.9,0,0,0,0,0,0,0,0,0,0,"Processed","North/East India","Mustard oil, 900 kcal, erucic acid 40%, omega-3 ALA 6%, antibacterial, commonly used in Bengali cooking."
"Groundnut oil (moongfali tel)","Oils",900,0,99.9,0,0,0,0,0,0,0,0,0,0,"Processed","Gujarat/South India","Groundnut oil, 900 kcal, high monounsaturated MUFA, vitamin E, good for medium-high heat cooking."
"Coconut oil (nariyal tel)","Oils",900,0,99.9,0,0,0,0,0,0,0,0,0,0,"Processed","South India/Kerala","Coconut oil, 900 kcal, 90% saturated (lauric acid), MCT oil, antimicrobial, traditional Kerala cooking fat."
"Sesame oil (til ka tel)","Oils",900,0,99.9,0,0,0,0,0,0,0,0,0,0,"Processed","South India/Tamil Nadu","Sesame oil (gingelly), 900 kcal, sesamol antioxidant, lignan sesamin, good heat stability."
"Sunflower oil","Oils",900,0,99.9,0,0,0,0,0,0,0,0,0,0,"Processed","Pan-India","Sunflower oil, 900 kcal, highest vitamin E content, high omega-6, widely used for frying and cooking."
"Soybean oil (refined)","Oils",900,0,99.9,0,0,0,0,0,0,0,0,0,0,"Processed","Pan-India","Refined soybean oil, 900 kcal, balanced PUFA omega-6 and omega-3, commonly blended in vanaspati."
"Palm oil (refined)","Oils",900,0,99.9,0,0,0,0,0,0,0,240,0,0,"Processed","Pan-India","Refined palm oil, 900 kcal, beta-carotene 240mcg, high saturated fat 50%, widely used in processed foods."
"Olive oil, extra virgin","Oils",884,0,100.0,0,0,1,0.6,2,1,0,0,0,0,"Processed","Pan-India","Extra virgin olive oil, 884 kcal, oleic acid 73%, polyphenols, low smoke point, use cold or low heat."
"Vanaspati (vegetable ghee)","Oils",900,0,99.7,0,0,0,0,0,0,0,0,0,0,"Processed","Pan-India","Vanaspati (partially hydrogenated vegetable fat), 900 kcal, contains trans fats—avoid for health."
"Turmeric powder (haldi)","Spices",349,7.8,9.9,64.9,21.1,183,41.5,38,2525,25,0,39,4.5,"Processed","Pan-India","Turmeric powder, 349 kcal, curcumin anti-inflammatory, exceptional iron 41.5mg, potassium 2525mg."
"Cumin seeds (jeera)","Spices",375,17.8,22.3,44.2,10.5,931,66.4,168,1788,7.7,64,10,4.8,"Raw","Rajasthan/Gujarat","Cumin seeds (jeera), 375 kcal, extraordinary iron 66.4mg and calcium 931mg, digestive spice."
"Coriander seeds (dhania)","Spices",298,12.4,17.8,54.9,41.9,709,16.3,35,1267,21,0,0,4.7,"Raw","Pan-India","Coriander seeds (dhania), 298 kcal, very high calcium 709mg, iron 16.3mg, fiber 41.9g."
"Fenugreek seeds (methi dana)","Spices",323,26.2,5.8,58.4,24.6,176,13.7,67,770,3,60,57,2.5,"Raw","Pan-India","Fenugreek seeds (methi dana), 323 kcal, protein 26.2g, iron 13.7mg, fiber 24.6g, galactomannan for blood sugar."
"Mustard seeds (rai/sarson)","Spices",508,26.1,36.2,28.1,12.2,266,9.5,13,738,7,0,162,6.1,"Raw","Pan-India","Mustard seeds (rai), 508 kcal, protein 26.1g, calcium 266mg, iron 9.5mg, folate 162mcg, glucosinolates."
"Red chilli powder (lal mirch)","Spices",282,12.0,12.9,49.0,28.7,148,14.3,88,2014,0,2081,23,2.5,"Processed","Pan-India","Red chilli powder, 282 kcal, very high vitamin A 2081mcg, iron 14.3mg, capsaicin for metabolism."
"Black pepper (kali mirch)","Spices",255,10.4,3.3,63.9,25.3,443,9.7,20,1329,0,37,17,1.2,"Raw","Kerala/South India","Black pepper, 255 kcal, piperine enhances nutrient absorption (especially curcumin), calcium 443mg."
"Cardamom (elaichi)","Spices",311,10.8,6.7,68.5,28.0,383,13.97,18,1119,21,0,0,7.5,"Raw","Kerala/South India","Cardamom (elaichi), 311 kcal, calcium 383mg, iron 13.97mg, aromatic spice for chai and desserts."
"Cloves (laung)","Spices",274,6.0,13.0,65.5,33.9,646,11.8,277,1020,80.8,13,68,2.3,"Raw","Kerala/Zanzibar","Cloves (laung), 274 kcal, exceptional calcium 646mg, vitamin C 80.8mg, eugenol analgesic oil, iron 11.8mg."
"Cinnamon (dalchini)","Spices",247,4.0,1.2,79.8,53.1,1002,8.3,10,431,3.8,15,6,1.8,"Raw","Kerala/Sri Lanka","Cinnamon (dalchini), 247 kcal, exceptional calcium 1002mg, blood sugar regulatory, iron 8.3mg, cinnamaldehyde."
"Asafoetida (hing)","Spices",297,4.0,1.1,67.8,4.1,690,39.4,75,50,0,0,17,0.0,"Processed","Pan-India","Asafoetida (hing), 297 kcal, extraordinary iron 39.4mg, calcium 690mg, digestive and anti-bloating spice."
"Garam masala (mixed spice)","Spices",379,12.5,14.9,58.2,22.9,366,21.0,72,1232,7,95,22,3.8,"Processed","Pan-India","Garam masala blend, 379 kcal, iron 21mg, calcium 366mg, antioxidant spice blend used in all Indian curries."
"Jaggery (gur), cane","Sweeteners",383,0.4,0.1,98.0,0,80,2.64,30,1056,5,0,0,0.3,"Processed","Pan-India","Cane jaggery (gur), 383 kcal, iron 2.64mg, potassium 1056mg, calcium 80mg, better than refined sugar."
"Sugar, white (refined)","Sweeteners",398,0,0,99.9,0,1,0.01,1,2,0,0,0,0,"Processed","Pan-India","White refined sugar, 398 kcal, pure sucrose, no nutrients—limit to 25g/day per WHO guidelines."
"Honey (shehad)","Sweeteners",304,0.3,0,82.4,0.2,6,0.42,4,52,0.5,0,2,0.2,"Raw","Pan-India","Raw honey, 304 kcal, antimicrobial, fructose-rich, traces of antioxidants, polyphenols, natural sweetener."
"Besan ladoo","Sweets",463,8.6,24.5,57.6,1.5,65,2.9,4,380,0,45,60,1.5,"Cooked","Pan-India","Besan ladoo, 463 kcal, fat 24.5g from ghee, protein 8.6g, iron 2.9g. Festival sweet—eat in moderation."
"Gulab jamun (per piece ~30g)","Sweets",387,5.1,14.8,59.4,0.6,157,0.3,105,170,0,56,5,0.3,"Cooked","Pan-India","Gulab jamun, 387 kcal per 100g, calcium 157mg, high sugar 59g, fried milk solid in sugar syrup."
"Rasgulla (per piece ~40g)","Sweets",186,6.3,2.4,34.0,0.3,103,0.3,40,56,0,23,4,0.4,"Cooked","West Bengal","Rasgulla, 186 kcal per 100g, calcium 103mg, lower fat than most sweets, Bengali chenna-based sweet."
"Barfi (milk barfi)","Sweets",382,9.4,13.0,57.5,0,320,0.2,95,309,0,120,6,0.8,"Cooked","Pan-India","Milk barfi, 382 kcal, calcium 320mg from khoa, fat 13g from ghee, high sugar. Festival sweet."
"Halwa (suji/semolina)","Sweets",289,3.1,11.6,43.3,0.6,25,2.4,8,92,0,25,5,0.5,"Cooked","Pan-India","Semolina halwa, 289 kcal, fat 11.6g from ghee, moderate iron 2.4mg. Served as prasad and festive sweet."
"Kheer (rice pudding)","Sweets",144,4.7,5.8,17.3,0.2,167,0.2,56,175,0,49,5,0.4,"Cooked","Pan-India","Rice kheer, 144 kcal, calcium 167mg from milk, protein 4.7g, festive and light sweet."
"Peda (milk sweet)","Sweets",434,11.0,15.0,65.5,0,416,0.2,110,370,0,170,8,1.0,"Cooked","UP/Mathura","Milk peda, 434 kcal, calcium 416mg, protein 11g, high sugar 65g. Mathura's famous sweet."
"Chakli (fried, rice-besan)","Snacks",508,7.5,26.2,62.4,2.1,56,3.5,365,350,0,5,30,1.2,"Cooked","Maharashtra/South India","Chakli (murukku), 508 kcal, high fat 26.2g from deep frying, sodium 365mg. Festive fried snack."
"Mathri (fried snack)","Snacks",523,7.1,27.4,64.3,1.5,28,3.4,480,138,0,0,20,0.9,"Cooked","North India","Mathri, 523 kcal, very high fat 27.4g from frying, sodium 480mg, Diwali snack—limit intake."
"Namkeen mix (bhujiiya type)","Snacks",517,11.5,27.3,58.7,5.0,60,3.8,540,440,0,25,40,1.5,"Cooked","Rajasthan/Pan-India","Namkeen mix (bhujiiya), 517 kcal, very high sodium 540mg, fat 27.3g, fiber 5g. Snack—portion control."
"Roasted chana (bhuna chana)","Snacks",369,22.5,5.2,60.9,7.7,202,4.4,57,850,0,0,80,2.9,"Cooked","Pan-India","Roasted bengal gram (bhuna chana), 369 kcal, excellent protein 22.5g, fiber 7.7g, iron 4.4mg. Healthy snack."
"Popcorn, plain (air-popped)","Snacks",375,12.0,4.3,74.0,15.1,7,2.7,8,274,0,5,26,3.1,"Cooked","Pan-India","Air-popped plain popcorn, 375 kcal, high fiber 15.1g, protein 12g, low fat. Healthy whole grain snack."
"Vada pav (Mumbai street food)","Snacks",195,5.3,7.8,28.4,1.5,28,1.8,385,295,5,8,15,0.5,"Cooked","Maharashtra","Vada pav, 195 kcal, sodium 385mg, fat 7.8g from frying, protein 5.3g. Iconic Mumbai street snack."
"Samosa (fried, potato filling)","Snacks",262,5.8,14.1,31.3,2.2,22,1.6,298,220,6,5,18,0.4,"Cooked","Pan-India","Potato samosa, 262 kcal, fat 14.1g from deep frying, sodium 298mg, carbs 31.3g. Limit to occasional."
"Tea, masala chai (with milk & sugar)","Beverages",44,1.0,1.2,8.0,0,40,0.1,20,70,0,10,2,0.1,"Cooked","Pan-India","Masala chai, 44 kcal, calcium 40mg from milk, theaflavins antioxidants, natural antioxidant spices."
"Coffee, filter (with milk, no sugar)","Beverages",12,0.7,0.4,1.4,0,28,0.1,12,56,0,10,2,0.1,"Cooked","South India","South Indian filter coffee with milk no sugar, 12 kcal, chlorogenic acid antioxidant, calcium 28mg."
"Coconut water (nariyal pani)","Beverages",19,0.7,0.2,3.7,1.1,24,0.29,105,250,2.4,0,3,0.1,"Raw","Coastal India","Fresh coconut water, 19 kcal, natural electrolytes—potassium 250mg and sodium 105mg, hydrating."
"Lassi, sweet (full fat)","Beverages",84,3.5,3.7,10.5,0,130,0.1,55,140,0,16,5,0.3,"Fermented","Punjab","Sweet lassi, 84 kcal, calcium 130mg, probiotic, Punjabi summer cooling drink with probiotic benefits."
"Nimbu paani (lemon water, sugar)","Beverages",30,0.1,0,7.6,0,3,0.1,10,18,11,0,2,0,"Cooked","Pan-India","Nimbu paani, 30 kcal, vitamin C 11mg from lemon, electrolyte drink, low calorie cooling summer drink."
"Aam panna (raw mango drink)","Beverages",57,0.3,0.1,14.0,0.5,8,0.2,2,45,24,6,6,0.1,"Cooked","North India","Aam panna, 57 kcal, vitamin C 24mg, iron 0.2mg, cooling summer drink made from boiled raw mangoes."
"Jaljeera (cumin-mint water)","Beverages",20,0.5,0.3,4.5,0.4,25,0.8,320,80,5,5,5,0.2,"Cooked","North India","Jaljeera, 20 kcal, digestive spiced water, cumin iron, sodium 320mg, Ayurvedic digestive aperitif."
"Turmeric milk (haldi doodh)","Beverages",83,3.0,4.0,8.5,0,120,0.3,46,148,1,30,5,0.4,"Cooked","Pan-India","Turmeric milk (golden milk), 83 kcal, calcium 120mg, curcumin anti-inflammatory, protein 3g, milk-based."
"Sattu drink (roasted chana)","Beverages",50,3.0,0.7,9.0,1.5,30,0.9,15,150,0,0,20,0.6,"Cooked","Bihar/UP","Sattu drink, 50 kcal, protein 3g from roasted chana, fiber 1.5g, traditional cooling Bihar summer drink."
"Sugarcane juice (ganna ras)","Beverages",40,0.1,0.2,9.7,0,10,0.37,8,140,0,0,0,0.1,"Raw","Pan-India","Sugarcane juice, 40 kcal, natural iron 0.37mg, potassium 140mg, instant energy. Freshly squeezed is best."
"Idli (fermented rice-urad)","Fermented Foods",132,4.2,0.5,27.7,0.5,20,1.0,156,78,0,0,9,0.5,"Cooked","South India","Steamed fermented idli, 132 kcal, B12 from fermentation, easily digestible, low fat breakfast food."
"Dhokla (steamed besan)","Fermented Foods",160,7.0,4.5,23.0,1.2,48,1.5,340,150,5,15,35,0.7,"Cooked","Gujarat","Steamed dhokla, 160 kcal, protein 7g from besan, probiotic fermentation, calcium 48mg, low fat."
"Kanji (fermented black carrot)","Fermented Foods",30,0.5,0.2,7.0,0.8,18,0.5,82,130,10,180,5,0.2,"Fermented","Rajasthan/North India","Fermented kanji drink, 30 kcal, probiotic, vitamin A 180mcg from carrot, lactobacillus bacteria."
"Ambali (fermented millet porridge)","Fermented Foods",68,2.4,0.7,14.5,1.5,25,1.2,15,120,0,0,12,0.5,"Fermented","Tamil Nadu/South India","Fermented ragi ambali, 68 kcal, probiotic cooling drink, calcium 25mg, traditional Tamil Nadu diet."
"Rabadi (fermented millet gruel)","Fermented Foods",62,2.0,1.0,12.0,1.2,30,0.8,20,100,0,0,10,0.4,"Fermented","Rajasthan","Rabadi (fermented bajra gruel), 62 kcal, probiotic, calcium 30mg, traditional Rajasthani cooling food."
"Bread, whole wheat (store-bought)","Processed Foods",252,8.9,2.7,49.3,3.5,72,2.9,470,135,0,0,30,1.1,"Processed","Pan-India","Packaged whole wheat bread, 252 kcal, fiber 3.5g, high sodium 470mg, protein 8.9g, iron 2.9mg."
"Biscuits, Marie (tea biscuits)","Processed Foods",432,7.4,9.2,77.4,0.9,32,3.3,307,88,0,0,11,0.6,"Processed","Pan-India","Marie biscuits, 432 kcal, high carbs 77g, sodium 307mg, low fiber, refined sugar. Limit intake."
"Cornflakes (sugar-coated)","Processed Foods",379,7.5,0.9,84.4,1.2,4,10.8,533,100,0,0,12,0.3,"Processed","Pan-India","Sugar-coated cornflakes, 379 kcal, high sodium 533mg, iron fortified 10.8mg, high glycemic. Add milk/fruit."
"Instant noodles (Maggi type)","Processed Foods",431,9.5,17.9,60.1,2.2,30,2.7,906,90,0,0,10,0.5,"Cooked","Pan-India","Instant noodles, 431 kcal, very high sodium 906mg, fat 17.9g from palm oil, low nutrition. Limit intake."
"Chips, potato (salted)","Processed Foods",536,7.0,34.6,53.0,4.4,14,2.2,525,1557,14,0,18,0.9,"Processed","Pan-India","Salted potato chips, 536 kcal, high fat 34.6g, high sodium 525mg, high potassium 1557mg. Snack food."
"Moringa powder (drumstick leaf)","Superfoods",329,29.4,5.2,41.8,19.2,2185,28.3,870,1324,17,1573,40,0,"Processed","South India","Moringa leaf powder, 329 kcal, exceptional calcium 2185mg, iron 28.3mg, vitamin A 1573mcg, protein 29.4g. Superfood."
"Spirulina powder","Superfoods",290,57.5,7.7,23.9,3.6,120,28.5,1048,1363,10.1,29,94,2.0,"Processed","Pan-India","Spirulina, 290 kcal, extraordinary protein 57.5g, iron 28.5mg, high sodium 1048mg, phycocyanin pigment."
"Sattu flour (roasted chana)","Superfoods",406,22.5,5.7,67.6,3.9,202,4.4,30,850,0,0,80,2.9,"Processed","Bihar/UP","Sattu (roasted Bengal gram flour), 406 kcal, protein 22.5g, fiber 3.9g, iron 4.4mg, prebiotic, summer staple."
"Tulsi leaves (fresh)","Superfoods",23,3.2,0.6,2.7,1.6,177,3.2,4,295,18,264,68,0.5,"Raw","Pan-India","Holy basil (tulsi) leaves, 23 kcal, calcium 177mg, iron 3.2mg, vitamin A 264mcg, Ayurvedic immunity herb."
"Ashwagandha powder (withania)","Superfoods",245,3.9,0.3,49.9,32.3,277,3.3,17,0,0,0,0,0.5,"Processed","Pan-India","Ashwagandha root powder, 245 kcal, withanolides adaptogen, iron 3.3mg, calcium 277mg, stress-reducing herb."
"Sambar (lentil vegetable stew)","Cooked Dishes",52,3.1,1.5,7.2,2.3,31,1.0,390,183,10,41,24,0.5,"Cooked","South India","Sambar, 52 kcal, protein 3.1g from toor dal, vegetables vitamins, high sodium 390mg from salt. Pair with idli."
"Rasam (pepper tamarind soup)","Cooked Dishes",25,0.9,0.5,4.3,1.0,18,0.8,360,140,5,10,8,0.2,"Cooked","Tamil Nadu/South India","Rasam, 25 kcal, very low calorie, digestive piperine from pepper, vitamin C 5mg, thin tamarind soup."
"Avial (mixed vegetable coconut)","Cooked Dishes",110,2.3,7.4,10.0,3.0,30,1.1,180,310,15,35,12,0.3,"Cooked","Kerala","Avial, 110 kcal, fat 7.4g from coconut, fiber 3g from vegetables, vitamins from mixed vegetables."
"Pongal (rice-moong dal)","Cooked Dishes",182,5.8,6.5,27.0,1.5,28,1.1,240,120,0,10,15,0.6,"Cooked","Tamil Nadu","Pongal, 182 kcal, ghee-enriched comfort food, protein 5.8g from moong dal, sodium 240mg, Harvest festival dish."
"Payasam (kheer South style)","Cooked Dishes",155,4.5,5.5,22.5,0.5,140,0.3,65,180,0,42,5,0.4,"Cooked","Kerala/Tamil Nadu","South Indian payasam, 155 kcal, calcium 140mg from milk, protein 4.5g, festive sweet dish."
"Pesarattu (moong dosa)","Cooked Dishes",180,9.5,4.2,27.5,3.5,35,1.8,195,280,5,15,30,1.0,"Cooked","Andhra Pradesh","Moong dal dosa (pesarattu), 180 kcal, protein 9.5g from whole moong, fiber 3.5g, iron 1.8mg, AP breakfast."
"Dal makhani","Cooked Dishes",131,7.3,5.2,17.3,2.1,65,2.1,380,320,1,65,50,1.2,"Cooked","Punjab","Dal makhani, 131 kcal, urad+rajma dal, cream/butter fat 5.2g, protein 7.3g, iron 2.1mg. Punjabi signature."
"Butter chicken (murgh makhani)","Cooked Dishes",175,14.5,11.2,5.3,0.8,45,1.3,420,250,8,120,12,1.0,"Cooked","Punjab/Delhi","Butter chicken (murgh makhani), 175 kcal, protein 14.5g, fat 11.2g from butter/cream, vitamin A 120mcg."
"Palak paneer","Cooked Dishes",197,9.2,14.4,9.6,2.1,271,1.6,355,300,18,530,70,0.9,"Cooked","North India","Palak paneer, 197 kcal, calcium 271mg from paneer, vitamin A 530mcg from spinach, protein 9.2g."
"Rajma masala","Cooked Dishes",130,7.4,2.8,21.5,5.3,70,2.1,380,400,4,25,60,1.1,"Cooked","North India","Rajma masala, 130 kcal, fiber 5.3g, protein 7.4g, iron 2.1mg, potassium 400mg. High folate 60mcg."
"Aloo gobi (potato cauliflower)","Cooked Dishes",95,2.3,4.2,13.6,2.5,30,0.8,285,390,22,10,28,0.3,"Cooked","North India","Aloo gobi, 95 kcal, vitamin C 22mg, fiber 2.5g, potassium 390mg, light everyday dry sabzi."
"Chole bhature","Cooked Dishes",320,10.5,12.8,44.0,4.5,75,2.8,490,380,5,30,90,1.2,"Cooked","Punjab/Delhi","Chole bhature, 320 kcal, high sodium 490mg, fat 12.8g from bhatura frying, protein 10.5g, Sunday indulgence."
"Saag (sarson, mustard leaves)","Cooked Dishes",88,4.2,5.5,8.0,3.5,220,3.8,190,496,82,780,150,0.8,"Cooked","Punjab","Sarson da saag, 88 kcal, exceptional calcium 220mg, vitamin A 780mcg, vitamin C 82mg, iron 3.8mg. Winter king."
"Shahi paneer","Cooked Dishes",248,10.5,17.8,14.8,1.2,318,0.8,420,240,3,210,15,1.0,"Cooked","North India","Shahi paneer, 248 kcal, calcium 318mg, fat 17.8g from cream/butter/paneer, protein 10.5g, royal curry."
"Machher jhol (fish curry, Bengal)","Cooked Dishes",120,14.0,6.8,3.5,0.5,55,1.5,360,280,8,30,10,0.8,"Cooked","West Bengal","Bengali fish curry (machher jhol), 120 kcal, protein 14g, omega-3 from fish, vitamin A 30mcg."
"Shorshe ilish (hilsa mustard)","Cooked Dishes",210,17.5,14.2,4.5,0.8,65,1.4,290,370,4,45,12,0.7,"Cooked","West Bengal","Hilsa in mustard curry, 210 kcal, protein 17.5g, omega-3 DHA/EPA from hilsa fish, mustard oil."
"Litti chokha (Bihar)","Cooked Dishes",285,9.5,8.2,45.0,4.0,55,3.5,330,350,5,15,40,1.5,"Cooked","Bihar","Litti chokha, 285 kcal, sattu-stuffed wheat balls baked in fire, protein 9.5g, iron 3.5mg, fiber 4g."
"Kosha mangsho (spicy goat curry)","Cooked Dishes",210,17.8,13.5,5.0,0.8,28,3.2,410,340,5,45,12,3.8,"Cooked","West Bengal","Kosha mangsho (dry-fried goat), 210 kcal, protein 17.8g, iron 3.2mg, zinc 3.8mg, slow-cooked Bengali curry."
"Dhokla (steamed, fermented)","Cooked Dishes",160,7.0,4.5,23.0,1.2,48,1.5,340,150,5,15,35,0.7,"Cooked","Gujarat","Gujarati steamed dhokla, 160 kcal, protein 7g, probiotic fermented food, calcium 48mg, low fat."
"Thepla (fenugreek flatbread)","Cooked Dishes",250,7.8,7.5,40.5,3.5,95,3.2,210,285,8,25,22,1.0,"Cooked","Gujarat","Gujarati thepla, 250 kcal, fenugreek leaves calcium 95mg, iron 3.2mg, fiber 3.5g, travel-friendly flatbread."
"Undhiyu (mixed vegetables)","Cooked Dishes",180,5.5,9.5,21.5,5.5,75,2.5,290,450,20,85,45,0.8,"Cooked","Gujarat","Undhiyu, 180 kcal, fiber 5.5g, vitamin A 85mcg, potassium 450mg, traditional Gujarati winter vegetable medley."
"Vada (medu vada, urad dal)","Cooked Dishes",322,11.0,17.5,34.4,1.8,70,2.5,320,260,0,0,30,1.2,"Cooked","South India","Medu vada, 322 kcal, fried urad dal, protein 11g, fat 17.5g, calcium 70mg, crispy South Indian breakfast."
"Sol kadhi (kokum drink)","Beverages",28,0.8,1.2,4.0,0.3,50,0.5,55,110,4,0,3,0.2,"Cooked","Konkan/Goa/Maharashtra","Sol kadhi, 28 kcal, kokum with coconut milk, digestive, calcium 50mg from coconut, probiotic Konkan drink."
"Bamboo shoot (khorisa), raw","Vegetables",27,2.6,0.3,5.2,2.2,13,0.5,4,533,4,1,7,0.5,"Raw","Northeast India","Bamboo shoot (khorisa), 27 kcal, potassium 533mg, fiber 2.2g, low calorie, fermented for Northeast curries."
"Black rice (chak hao, Manipur)","Cereals",356,8.9,3.5,76.2,4.9,20,3.5,5,278,0,0,15,2.3,"Raw","Manipur/Northeast","Black rice (chak hao), 356 kcal, anthocyanin pigment, fiber 4.9g, iron 3.5mg. Protected GI product of Manipur."
"Axone (fermented soybean, Nagaland)","Fermented Foods",195,18.5,10.2,8.5,4.5,115,4.8,580,450,2,0,35,1.8,"Fermented","Nagaland/Northeast","Axone (fermented soybean), 195 kcal, protein 18.5g, iron 4.8mg, calcium 115mg, pungent Nagaland ingredient."
"Ragi porridge (ragi kanji)","Weaning Foods",74,1.8,0.4,16.2,0.8,82,0.9,12,95,0,0,4,0.6,"Cooked","South India","Ragi porridge, 74 kcal, calcium 82mg, excellent weaning food for infants 6+ months, easy to digest."
"Khichdi (rice-moong dal)","Cooked Dishes",110,4.5,2.8,18.5,1.5,23,1.0,180,120,0,8,18,0.5,"Cooked","Pan-India","Moong-rice khichdi, 110 kcal, complete protein from rice+dal, easy to digest, ideal sick/weaning food."
"Suji kheer (semolina pudding)","Cooked Dishes",155,5.1,5.3,22.8,0.5,142,0.9,68,185,0,50,8,0.5,"Cooked","Pan-India","Semolina kheer, 155 kcal, calcium 142mg from milk, protein 5.1g, easily digestible baby and sick food."
"Poha upma (flattened rice dish)","Cooked Dishes",140,3.1,3.5,25.0,1.2,16,1.4,195,140,8,10,10,0.5,"Cooked","Maharashtra/West India","Poha upma, 140 kcal, iron 1.4mg, vitamin C 8mg from lime/vegetables, popular Maharashtra breakfast."
"Besan chilla (gram flour crepe)","Cooked Dishes",190,10.5,7.2,24.5,3.0,70,2.8,220,280,5,15,50,1.2,"Cooked","North India","Besan chilla, 190 kcal, protein 10.5g, fiber 3g, iron 2.8mg, healthy breakfast alternative to dosa."
"Egg bhurji (scrambled eggs)","Cooked Dishes",196,12.5,15.2,2.1,0,65,1.8,285,145,2,150,40,1.1,"Cooked","Pan-India","Egg bhurji, 196 kcal, excellent protein 12.5g, fat 15.2g, vitamin A 150mcg, iron 1.8mg. Fast protein meal."
"Omelette (2-egg, plain)","Cooked Dishes",195,13.0,15.6,0.8,0,58,1.7,320,140,0,155,45,1.0,"Cooked","Pan-India","Plain 2-egg omelette, 195 kcal, protein 13g, fat 15.6g from eggs and oil, vitamin A 155mcg."
"Paneer bhurji","Cooked Dishes",230,13.5,17.2,6.5,1.0,350,0.8,380,210,5,95,12,1.2,"Cooked","North India","Paneer bhurji, 230 kcal, calcium 350mg, protein 13.5g, fat 17.2g, scrambled paneer with vegetables."
"Mixed vegetable sabzi","Cooked Dishes",78,2.5,4.0,9.8,2.8,38,1.0,280,295,18,75,20,0.3,"Cooked","Pan-India","Mixed vegetable sabzi, 78 kcal, vitamin A 75mcg, vitamin C 18mg, fiber 2.8g, oil-cooked variety."
"Aloo paratha (potato flatbread)","Cooked Dishes",310,7.8,11.5,47.5,2.2,28,2.1,320,298,5,5,20,0.8,"Cooked","Punjab/North India","Aloo paratha, 310 kcal, carbs 47.5g, fat 11.5g from ghee/oil, protein 7.8g. Breakfast staple of North India."
"Puri (fried whole wheat bread)","Cooked Dishes",340,8.0,14.5,48.5,2.0,30,2.8,3,195,0,0,25,1.6,"Cooked","North India","Puri (fried puffed bread), 340 kcal, fat 14.5g from deep frying, carbs 48.5g. For pooja and festivals."
"Bhatura (leavened fried bread)","Cooked Dishes",367,9.2,16.8,49.8,1.5,25,2.5,280,145,0,0,18,0.7,"Cooked","Punjab/North India","Bhatura, 367 kcal, maida-based, deep fried fat 16.8g, paired with chole. Sunday brunch indulgence."
"Chicken biryani","Cooked Dishes",229,12.5,8.5,29.5,1.2,35,1.5,450,265,3,45,15,1.2,"Cooked","Hyderabad/Pan-India","Chicken biryani, 229 kcal, protein 12.5g, fat 8.5g, sodium 450mg, carbs 29.5g. Festive rice dish."
"Mutton biryani","Cooked Dishes",265,13.8,11.5,30.5,1.2,32,2.5,480,295,3,30,12,2.0,"Cooked","Hyderabad/Lucknow","Mutton biryani, 265 kcal, protein 13.8g, fat 11.5g, iron 2.5mg, zinc 2mg, aromatic festive dish."
"Vegetable biryani","Cooked Dishes",185,5.5,7.2,27.8,2.5,42,1.5,390,280,8,55,18,0.6,"Cooked","Pan-India","Veg biryani, 185 kcal, fiber 2.5g, vitamin A 55mcg, protein 5.5g, aromatic rice with vegetables."
"Haleem (meat-lentil stew)","Cooked Dishes",189,15.2,8.5,16.0,3.5,48,3.2,520,320,2,20,30,2.5,"Cooked","Hyderabad/Mumbai","Haleem, 189 kcal, protein 15.2g from wheat+lentils+meat, iron 3.2mg, fiber 3.5g. Ramzan special."
"Pav bhaji (Mumbai)","Cooked Dishes",230,6.2,9.8,33.5,3.8,48,1.5,480,340,18,65,22,0.6,"Cooked","Maharashtra/Mumbai","Pav bhaji, 230 kcal, vitamin C 18mg, vitamin A 65mg from veggies, sodium 480mg, butter-rich street food."
"Masala dosa (with potato filling)","Cooked Dishes",213,4.8,8.5,32.5,1.5,22,1.0,325,180,8,8,12,0.5,"Cooked","South India","Masala dosa, 213 kcal, fat 8.5g from oil, sodium 325mg, carbs 32.5g. Served with sambar and chutney."
"Uttapam (thick rice pancake)","Cooked Dishes",168,4.8,4.5,27.2,1.5,20,1.0,285,115,6,10,10,0.5,"Cooked","South India","Uttapam, 168 kcal, thicker than dosa, topped with onion/tomato vegetables, protein 4.8g, sodium 285mg."
"Appam (Kerala rice pancake)","Cooked Dishes",145,3.2,1.5,30.8,0.8,12,0.5,210,78,0,0,8,0.3,"Cooked","Kerala","Appam, 145 kcal, fermented rice pancake with lacy edges, low fat 1.5g, paired with coconut milk stew."
"Puttu (Kerala steamed rice cake)","Cooked Dishes",262,5.5,3.8,54.2,1.2,16,0.8,5,80,0,0,8,0.5,"Cooked","Kerala","Puttu, 262 kcal, rice and coconut steamed dish, fat 3.8g from coconut, low sodium 5mg, Kerala breakfast."
"Kadhi pakoda (North Indian)","Cooked Dishes",168,4.5,9.5,18.5,1.8,98,0.9,420,165,2,22,10,0.5,"Cooked","Rajasthan/North India","Kadhi pakoda, 168 kcal, calcium 98mg from yogurt, fat 9.5g, sodium 420mg, besan pakoda in yogurt gravy."
"Baingan bharta (roasted eggplant)","Cooked Dishes",98,2.1,5.8,11.2,2.5,20,0.5,285,245,8,5,18,0.3,"Cooked","Pan-India","Baingan bharta, 98 kcal, fire-roasted eggplant with onion-tomato, low calorie, smoky flavor."
"Mutter paneer","Cooked Dishes",185,10.2,11.5,12.8,2.8,210,1.2,360,290,8,55,22,0.9,"Cooked","North India","Mutter paneer, 185 kcal, calcium 210mg, protein 10.2g, fiber 2.8g from peas, vitamin A 55mcg. Classic curry."
"Sabudana khichdi (sago)","Cooked Dishes",310,3.5,10.5,51.8,0.8,28,1.2,155,120,0,0,5,0.3,"Cooked","Maharashtra","Sabudana khichdi, 310 kcal, tapioca starch high carbs 51.8g, fat 10.5g from peanuts/ghee, fasting food."
"Chivda (flattened rice mix snack)","Snacks",380,7.2,12.5,62.5,2.8,25,2.5,450,220,0,5,8,0.8,"Processed","Maharashtra","Chivda snack mix, 380 kcal, sodium 450mg from salt, fat 12.5g from oil, iron 2.5mg from poha. Diwali snack."
"Shrikhand (strained yogurt sweet)","Dairy",200,5.8,4.5,35.5,0,165,0.1,65,175,0,25,5,0.5,"Fermented","Gujarat/Maharashtra","Shrikhand, 200 kcal, calcium 165mg, protein 5.8g, sugar-sweetened strained dahi (chakka). Festive dessert."
"Rasmalai","Sweets",198,7.5,8.8,24.2,0.2,215,0.2,90,175,0,65,7,0.5,"Cooked","West Bengal/Pan-India","Rasmalai, 198 kcal, calcium 215mg, protein 7.5g from chenna and milk, creamy Bengali milk sweet."
"Mysore pak (besan sweet)","Sweets",518,7.8,29.5,60.5,1.2,70,2.5,5,360,0,35,50,1.2,"Cooked","Karnataka/Tamil Nadu","Mysore pak, 518 kcal, very high fat 29.5g from ghee, protein 7.8g from besan. Rich Karnataka sweet."
"Payasam (vermicelli, seviyan)","Cooked Dishes",168,4.8,5.2,26.5,0.5,128,0.5,60,155,0,35,5,0.3,"Cooked","North/South India","Seviyan payasam/kheer, 168 kcal, calcium 128mg from milk, protein 4.8g, vermicelli-milk sweet."
"Falooda (rose drink)","Beverages",130,4.2,3.5,22.5,1.2,110,0.3,55,135,1,18,5,0.3,"Cooked","Pan-India","Falooda, 130 kcal, calcium 110mg from milk, basil seeds fiber 1.2g, rose syrup, seasonal summer drink."
"Thandai (milk spice drink)","Beverages",145,4.8,5.5,20.5,0.5,135,0.5,55,168,0,25,6,0.5,"Cooked","Rajasthan/North India","Thandai, 145 kcal, calcium 135mg from milk, nuts protein 4.8g, Holi festival drink with bhang or plain."
"Chaat (aloo tikki chaat)","Snacks",198,5.2,7.8,29.5,3.5,42,1.5,520,380,10,15,22,0.5,"Cooked","North India","Aloo tikki chaat, 198 kcal, very high sodium 520mg, fiber 3.5g from chickpeas, vitamin C 10mg. Street food."
"Bhel puri (Mumbai chaat)","Snacks",165,4.5,5.8,26.5,2.5,25,1.5,485,210,5,8,15,0.4,"Cooked","Maharashtra","Bhel puri, 165 kcal, high sodium 485mg, fiber 2.5g, protein 4.5g from peanuts, iconic Mumbai street chaat."
"Panipuri/Golgappa","Snacks",148,4.0,5.5,23.0,2.8,35,1.4,450,185,3,5,12,0.5,"Cooked","Pan-India","Panipuri (golgappa), 148 kcal, sodium 450mg from tamarind water + spices, protein 4g from filling."
"Dahi vada (lentil dumpling in curd)","Cooked Dishes",160,7.5,5.5,22.5,2.0,110,1.2,320,180,1,15,20,0.8,"Cooked","Pan-India","Dahi vada, 160 kcal, calcium 110mg from curd, protein 7.5g from urad dal, probiotic curd base."
"Kadala curry (Kerala black chana)","Cooked Dishes",148,8.5,5.2,20.5,5.8,82,2.5,320,480,3,10,55,1.2,"Cooked","Kerala","Kadala curry, 148 kcal, fiber 5.8g, protein 8.5g from kala chana, potassium 480mg, served with puttu."
"Egg curry (anda curry)","Cooked Dishes",158,9.8,11.2,5.5,0.8,50,1.5,380,190,3,130,30,0.9,"Cooked","Pan-India","Egg curry, 158 kcal, protein 9.8g, vitamin A 130mcg, fat 11.2g from egg and oil, iron 1.5mg."
"Prawn curry (Goan style)","Cooked Dishes",168,16.5,9.5,6.5,1.5,75,2.2,425,280,8,60,12,1.2,"Cooked","Goa/Kerala","Goan prawn curry, 168 kcal, protein 16.5g, calcium 75mg, vitamin A 60mcg, coconut-based curry."
"Fish curry (Kerala style)","Cooked Dishes",195,17.5,12.5,6.0,1.8,60,1.8,410,350,6,55,10,0.8,"Cooked","Kerala","Kerala fish curry, 195 kcal, protein 17.5g from fish, omega-3, coconut milk fat 12.5g, vitamin A 55mcg."
"Pork vindaloo (Goa)","Cooked Dishes",258,19.5,17.5,7.5,1.5,28,1.5,485,378,8,25,10,2.8,"Cooked","Goa","Pork vindaloo, 258 kcal, protein 19.5g, fat 17.5g, high sodium 485mg, zinc 2.8mg, Goan Portuguese-Indian dish."
"Chicken 65 (South Indian)","Cooked Dishes",280,22.5,17.5,9.5,0.8,22,1.5,520,285,3,20,8,1.2,"Cooked","Tamil Nadu","Chicken 65, 280 kcal, protein 22.5g, deep fried fat 17.5g, high sodium 520mg, spicy Chennai appetizer."
"Appam with stew (Kerala)","Cooked Dishes",200,5.5,8.5,28.5,1.5,38,0.8,220,210,6,15,10,0.5,"Cooked","Kerala","Appam with Kerala stew, 200 kcal, coconut milk fat 8.5g, protein 5.5g, mild coconut vegetable/meat stew."
"Modak (steamed rice-coconut)","Sweets",230,3.2,8.5,37.5,2.5,25,1.0,5,120,0,0,5,0.5,"Cooked","Maharashtra","Steamed modak, 230 kcal, coconut-jaggery filling, fat 8.5g, fiber 2.5g, Ganesh festival sweet."
"Puran poli (sweet flatbread)","Sweets",285,7.5,7.5,50.5,2.8,55,2.5,10,280,0,8,35,1.0,"Cooked","Maharashtra/South India","Puran poli, 285 kcal, chana dal jaggery filling, protein 7.5g, iron 2.5mg, Holi/Ugadi festival sweet."
"Karanji (fried coconut pastry)","Sweets",410,5.5,21.5,52.5,2.0,25,1.2,10,145,0,0,8,0.5,"Cooked","Maharashtra/Karnataka","Karanji (karjikai), 410 kcal, deep fried 21.5g fat, coconut-jaggery filling, Diwali sweet."
"Poori with aloo (breakfast)","Cooked Dishes",285,5.8,12.2,41.5,2.5,22,1.5,185,280,5,5,15,0.5,"Cooked","North India","Poori with potato sabzi, 285 kcal, fried fat 12.2g, carbs 41.5g, protein 5.8g, weekend North Indian breakfast."
"Shakarkandi (roasted sweet potato)","Cooked Dishes",90,1.8,0.2,21.5,3.5,32,0.7,6,345,20,980,12,0.3,"Cooked","Pan-India","Roasted sweet potato (shakarkandi), 90 kcal, vitamin A 980mcg, fiber 3.5g, vitamin C 20mg. Street health snack."
"Makhana kheer (lotus seed)","Cooked Dishes",175,5.5,5.0,27.5,0.5,148,0.8,65,195,0,35,8,0.5,"Cooked","Bihar/North India","Makhana kheer, 175 kcal, calcium 148mg from milk, lotus seed protein 5.5g, low fat snack/dessert."
"Gond ladoo (edible gum sweet)","Sweets",445,8.5,23.5,58.5,2.5,120,3.5,15,285,0,45,30,1.2,"Cooked","Rajasthan/North India","Gond (edible gum) ladoo, 445 kcal, eaten by lactating mothers, iron 3.5mg, calcium 120mg from ghee/nuts."
"Pinni (wheat-jaggery-ghee sweet)","Sweets",462,8.8,24.5,59.5,2.0,55,3.2,12,295,0,30,28,1.0,"Cooked","Punjab","Pinni, 462 kcal, wheat atta with ghee and jaggery, iron 3.2mg, calcium 55mg, Punjabi winter warming sweet."
"Til ladoo (sesame-jaggery)","Sweets",478,9.5,26.5,58.5,5.5,480,7.2,28,420,0,0,28,3.8,"Cooked","Pan-India","Sesame-jaggery ladoo (til ladoo), 478 kcal, exceptional calcium 480mg, iron 7.2mg, zinc 3.8mg. Makar Sankranti sweet."
"Amla murabba (gooseberry preserve)","Preserved Foods",198,0.5,0.1,52.5,2.5,30,0.5,5,120,85,2,4,0.1,"Processed","UP/Rajasthan","Amla murabba, 198 kcal, high sugar preserve, vitamin C 85mg retained despite cooking, traditional Ayurvedic."
"Achar (mango pickle)","Preserved Foods",190,1.5,16.5,12.5,2.5,28,1.5,1800,158,3,12,8,0.3,"Processed","Pan-India","Mango achar (pickle), 190 kcal, extremely high sodium 1800mg—use sparingly, fat 16.5g from oil, antioxidants."
"Papad (urad dal wafer)","Snacks",331,23.7,1.5,59.4,0.9,151,3.9,1790,900,0,0,75,2.4,"Processed","Pan-India","Papad, 331 kcal, extremely high sodium 1790mg, protein 23.7g from urad dal, calcium 151mg. 1 papad ~10g."
"Roasted makhana (fox nuts)","Snacks",347,9.7,0.1,76.9,0.5,60,1.4,5,367,0,0,15,1.0,"Cooked","Bihar/Pan-India","Roasted fox nuts (makhana), 347 kcal, low fat 0.1g, protein 9.7g, potassium 367mg. Healthy low-fat snack."
"Chole kulche (Delhi style)","Cooked Dishes",295,9.8,8.5,47.5,4.5,65,2.5,520,410,4,25,80,1.2,"Cooked","Delhi/North India","Chole kulche, 295 kcal, fiber 4.5g, protein 9.8g, high sodium 520mg, iron 2.5mg, street food."
"Kadhi chawal (Gujarati)","Cooked Dishes",158,4.2,4.8,26.5,1.2,95,0.5,340,188,1,18,8,0.3,"Cooked","Gujarat","Kadhi chawal, 158 kcal, calcium 95mg from yogurt kadhi, carbs from rice 26.5g, sweet-sour-spicy."
"Kozhukattai (steamed rice dumpling)","Cooked Dishes",210,3.8,3.5,43.2,1.5,18,0.5,5,92,0,0,6,0.3,"Cooked","Tamil Nadu","Kozhukattai (modak Tamil style), 210 kcal, steamed rice flour with sweet coconut filling, low fat."
"Pesarattu upma (AP)","Cooked Dishes",198,10.2,5.5,31.5,3.5,38,2.0,210,295,4,12,32,1.0,"Cooked","Andhra Pradesh","Pesarattu with upma, 198 kcal, protein 10.2g from moong, fiber 3.5g, iron 2mg, Andhra breakfast."
"Dum aloo (Kashmir style)","Cooked Dishes",165,3.2,10.5,17.5,2.2,30,1.0,320,380,8,15,18,0.4,"Cooked","Kashmir/North India","Dum aloo, 165 kcal, potato carbs 17.5g, yogurt-spice gravy fat 10.5g, potassium 380mg, Kashmiri specialty."
"Roghan josh (Kashmiri mutton)","Cooked Dishes",245,18.5,16.5,7.5,1.2,28,3.5,490,368,2,35,12,3.8,"Cooked","Kashmir","Roghan josh, 245 kcal, protein 18.5g from mutton, iron 3.5mg, zinc 3.8mg, Kashmiri aromatic mutton curry."
"Gushtaba (Kashmiri meatball)","Cooked Dishes",228,16.5,15.2,8.5,0.5,68,2.8,480,298,1,25,8,2.5,"Cooked","Kashmir","Gushtaba, 228 kcal, mutton meatballs in yogurt gravy, protein 16.5g, calcium 68mg, zinc 2.5mg, Wazwan dish."
"Modur pulao (Kashmiri sweet rice)","Cooked Dishes",278,5.2,10.5,43.5,1.2,28,1.5,8,115,0,5,8,0.8,"Cooked","Kashmir","Modur pulao, 278 kcal, sweet saffron rice with nuts, fat 10.5g from ghee and nuts, protein 5.2g."
"Thukpa (Tibetan noodle soup)","Cooked Dishes",125,7.5,3.5,19.5,2.8,38,1.8,480,265,5,20,15,0.8,"Cooked","Ladakh/Sikkim/Arunachal","Thukpa, 125 kcal, protein 7.5g from meat/egg, noodle-veggie soup, sodium 480mg, Himalayan warming meal."
"Thenthuk (Ladakhi soup)","Cooked Dishes",118,6.2,3.8,18.5,2.5,35,1.5,440,225,4,15,12,0.6,"Cooked","Ladakh","Thenthuk (hand-pulled noodle soup), 118 kcal, protein 6.2g, vegetables, warming Ladakhi winter food."
"Rice, Basmati (long grain), raw","Cereals",349,7.6,0.7,78.1,0.4,17,0.5,1,88,0,0,7,1.0,"Raw","Punjab/Haryana","Basmati rice, 349 kcal, low glycemic index among rice varieties, aroma from 2-acetyl-1-pyrroline, protein 7.6g."
"Rice, red (Kerala/Matta)","Cereals",355,8.2,2.5,74.5,3.2,22,1.9,6,218,0,0,18,2.2,"Raw","Kerala","Kerala red/matta rice, 355 kcal, higher fiber 3.2g, iron 1.9g than white rice, nutty flavor, anthocyanins."
"Rice, black (forbidden)","Cereals",356,8.9,3.5,76.2,4.9,20,3.5,5,278,0,0,15,2.3,"Raw","Northeast India","Black rice, 356 kcal, anthocyanins, fiber 4.9g, iron 3.5mg, traditionally reserved for royalty."
"Rice, sona masuri","Cereals",344,7.0,0.4,77.5,0.3,8,0.6,3,72,0,0,7,1.2,"Raw","Andhra Pradesh/Telangana","Sona masuri rice, 344 kcal, medium grain, lower glycemic than white rice, popular in South India daily meals."
"Corn (sweet), fresh","Vegetables",86,3.2,1.2,18.7,2.0,2,0.5,15,270,7,10,42,0.5,"Raw","Pan-India","Fresh sweet corn, 86 kcal, fiber 2g, vitamin C 7mg, folate 42mcg, lutein for eye health, potassium 270mg."
"Wheat bran","Cereals",216,15.6,4.3,64.5,42.8,73,10.6,2,1182,0,0,79,7.3,"Processed","Pan-India","Wheat bran, 216 kcal, highest fiber 42.8g, iron 10.6mg, zinc 7.3mg, potassium 1182mg. Add to dough/dal."
"Rice bran","Cereals",316,13.3,20.9,49.7,21.0,57,18.5,7,1485,0,0,63,6.0,"Processed","Pan-India","Rice bran, 316 kcal, high fiber 21g, iron 18.5mg, gamma-oryzanol antioxidant, potassium 1485mg."
"Buckwheat (kuttu atta)","Cereals",343,13.3,3.4,71.5,10.0,18,2.2,1,460,0,0,30,2.4,"Raw","Himalayan/Uttarakhand","Buckwheat (kuttu), 343 kcal, gluten-free pseudo-cereal, rutin antioxidant, protein 13.3g, fiber 10g. Navratri food."
"Amaranth grain (rajgira)","Cereals",371,13.6,7.0,65.3,6.7,159,7.6,4,508,4,0,82,2.9,"Raw","Pan-India","Rajgira (amaranth grain), 371 kcal, exceptional iron 7.6mg, calcium 159mg, complete protein 13.6g, gluten-free."
"Quinoa (cooked)","Cereals",120,4.4,1.9,21.3,2.8,17,1.5,7,172,0,0,42,1.1,"Cooked","Pan-India","Cooked quinoa, 120 kcal, complete protein 4.4g with all amino acids, fiber 2.8g, iron 1.5mg, folate 42mcg."
"Chickpea sprouts (ankurit chana)","Pulses",164,10.7,2.6,26.1,4.5,45,2.9,14,451,12,3,185,1.5,"Raw","Pan-India","Sprouted chickpea, 164 kcal, enhanced folate 185mcg, vitamin C 12mg from sprouting, protein 10.7g, iron 2.9mg."
"Moong sprouts (ankurit moong)","Pulses",30,3.0,0.2,5.9,1.8,13,0.9,6,149,13,2,61,0.4,"Raw","Pan-India","Sprouted moong, 30 kcal, vitamin C 13mg developed from sprouting, protein 3g, very low calorie healthy snack."
"Lobia (black-eyed pea), cooked","Pulses",116,7.7,0.5,20.8,6.5,24,2.5,4,278,1,2,208,1.3,"Cooked","Pan-India","Cooked lobia (black-eyed peas), 116 kcal, folate 208mcg, iron 2.5mg, fiber 6.5g, protein 7.7g."
"Matki sprouts (moth bean sprout)","Pulses",35,3.5,0.2,7.0,1.9,25,1.5,5,180,10,0,55,0.8,"Raw","Maharashtra","Sprouted matki, 35 kcal, vitamin C from sprouting, iron 1.5mg, protein 3.5g, fiber 1.9g, Maharashtrian misal."
"Rajma, cooked","Pulses",127,8.7,0.5,22.8,6.4,28,2.2,2,403,0,0,130,1.0,"Cooked","North India","Cooked rajma, 127 kcal, fiber 6.4g, folate 130mcg, potassium 403mg, protein 8.7g, iron 2.2mg."
"Soybean, boiled","Pulses",173,16.6,9.0,9.9,6.0,175,5.1,1,515,1.7,1,54,1.5,"Cooked","Central India","Boiled soybean, 173 kcal, complete plant protein 16.6g, isoflavones genistein daidzein, calcium 175mg."
"Tofu, firm","Pulses",144,15.6,8.7,2.3,0.3,510,2.7,15,237,0,1,19,1.6,"Processed","Pan-India","Firm tofu, 144 kcal, excellent calcium 510mg (set with calcium sulfate), protein 15.6g, iron 2.7mg."
"Tempeh (fermented soy)","Pulses",193,19.9,10.8,9.4,0,111,3.0,9,412,0,0,43,1.1,"Fermented","Pan-India","Tempeh, 193 kcal, complete plant protein 19.9g, B12 from fermentation, iron 3mg, calcium 111mg."
"Celery (ajwain patta)","Vegetables",14,0.7,0.2,3.0,1.6,40,0.2,80,260,3,22,36,0.1,"Raw","Pan-India","Celery, 14 kcal, extremely low calorie, potassium 260mg, folate 36mcg, negative calorie concept food."
"Spring onion (hara pyaaz)","Vegetables",32,1.8,0.2,7.3,2.6,72,1.5,16,276,18.8,50,64,0.4,"Raw","Pan-India","Spring onion, 32 kcal, vitamin A 50mcg, folate 64mcg, calcium 72mg, vitamin C 18.8mg, used in Indo-Chinese."
"Leek","Vegetables",61,1.5,0.3,14.2,1.8,59,2.1,20,180,12,83,64,0.1,"Raw","North India/Kashmir","Leek, 61 kcal, vitamin A 83mcg, folate 64mcg, calcium 59mg, iron 2.1mg, kaempferol flavonoid."
"Artichoke (haatichuk)","Vegetables",47,3.3,0.2,10.5,5.4,44,1.3,94,370,12,1,68,0.5,"Raw","North India","Globe artichoke, 47 kcal, high fiber 5.4g, potassium 370mg, folate 68mcg, cynarin for liver health."
"Asparagus, fresh","Vegetables",20,2.2,0.1,3.9,2.1,24,2.1,2,202,6,38,52,0.5,"Raw","North India/Hills","Asparagus, 20 kcal, folate 52mcg, iron 2.1mg, vitamin A 38mcg, potassium 202mg, diuretic aspartic acid."
"Parsley (ajmood)","Vegetables",36,3.0,0.8,6.3,3.3,138,6.2,56,554,133,421,152,1.1,"Raw","Pan-India","Parsley, 36 kcal, extraordinary vitamin A 421mcg, vitamin C 133mg, iron 6.2mg, calcium 138mg. Garnish herb."
"Dill (suva bhaji)","Vegetables",43,3.5,1.1,7.0,2.1,208,6.6,61,738,85,386,150,0.9,"Raw","Pan-India","Dill leaves (suva), 43 kcal, exceptional calcium 208mg, iron 6.6mg, vitamin A 386mcg, vitamin C 85mg."
"Arugula (rocket leaves)","Vegetables",25,2.6,0.7,3.7,1.6,160,1.5,27,369,15,119,97,0.5,"Raw","Pan-India","Rocket leaves (arugula), 25 kcal, calcium 160mg, vitamin A 119mcg, folate 97mcg, peppery salad green."
"Neem leaves, raw","Vegetables",48,6.3,0.8,6.5,5.2,218,6.6,21,195,6,90,40,0.8,"Raw","Pan-India","Neem leaves, 48 kcal, iron 6.6mg, calcium 218mg, azadirachtin antimicrobial, Ayurvedic bitter herb."
"Purslane (kulfa saag)","Vegetables",20,2.0,0.4,3.4,0.7,65,2.0,45,494,21,136,12,0.3,"Raw","Pan-India","Purslane (kulfa), 20 kcal, highest plant omega-3 ALA among vegetables, calcium 65mg, iron 2mg."
"Water spinach (kangkong)","Vegetables",19,2.6,0.2,3.1,2.0,77,1.7,113,312,55,315,57,0.2,"Raw","Assam/Northeast","Water spinach (kangkong), 19 kcal, vitamin A 315mcg, vitamin C 55mg, calcium 77mg, iron 1.7mg."
"Jackfruit seed, boiled","Vegetables",165,6.6,0.4,36.5,2.0,55,1.5,3,200,11,0,15,0.4,"Cooked","South/East India","Boiled jackfruit seed, 165 kcal, protein 6.6g, potassium 200mg, starch-rich, eaten as vegetable in South India."
"Banana flower (vazhaipoo)","Vegetables",51,1.6,0.6,9.9,5.7,56,0.6,56,553,9,10,13,0.2,"Raw","South India/Kerala","Banana flower (vazhaipoo), 51 kcal, high fiber 5.7g, potassium 553mg, iron 0.6mg, edible banana blossom."
"Banana stem (vazhathandu)","Vegetables",27,0.4,0.1,5.7,5.0,30,0.9,56,238,14,0,5,0.1,"Raw","South India","Banana stem (vazhathandu), 27 kcal, high fiber 5g