Tip_ID,Workout_Type,Category,Subcategory,Tip_Title,Tip_Description,Key_Benefit,Equipment_Needed,Duration_Recommendation,Difficulty_Level,Muscle_Groups_Targeted,Scientific_Backing,Target_Audience,Avoid_If,Frequency_Recommendation,Calories_Burned_Estimate,Rest_Period,Progression_Strategy
1,Gym,Strength Training,Compound Movements,Start with Compound Lifts,"Always begin your gym session with big compound movements like squats, deadlifts and bench press before isolation exercises – they require the most energy and neural drive.",Maximum muscle recruitment and strength gains,"Barbell, dumbbells, squat rack",45-60 min,Intermediate,"Full body (quads, glutes, hamstrings, chest, back)",Very High,Gym-goers (intermediate+),Lower back injury (consult doctor),3-4x per week,"300-500 kcal",2-3 min between sets,"Add 2.5-5kg every 1-2 weeks"
2,Gym,Strength Training,Progressive Overload,Apply Progressive Overload Every Week,"Increase weight, reps or sets by a small amount each week – progressive overload is the single most important principle for building strength and muscle.",Continuous muscle and strength adaptation,Any gym equipment,Any session length,All levels,Varies by exercise,Very High,All gym-goers,None,Every session,Varies,Varies,"Track workouts and increase by smallest increment available"
3,Gym,Strength Training,Form and Technique,Master Form Before Adding Weight,"Perfect your movement pattern with lighter weights before progressing to heavier loads – prevents injury and maximises muscle activation.",Prevents injury and improves muscle engagement,"Barbell, dumbbells, mirrors","First 4-8 weeks of any new exercise",Beginner,Varies,Very High,Beginners,None,Every session,N/A,"Add weight only when form is perfect for all reps"
4,Gym,Strength Training,Upper Body,Perfect the Bench Press Technique,"Keep feet flat on floor, retract shoulder blades, arch lower back slightly, grip bar slightly wider than shoulder-width and lower bar to mid-chest.",Maximises chest activation and shoulder safety,"Barbell, bench press","3-5 sets of 5-10 reps",Intermediate,"Chest, anterior deltoids, triceps",Very High,Gym-goers,Shoulder injury / rotator cuff issues,2-3x per week,"150-250 kcal",2-3 min,"Add 2.5kg when you complete all reps with perfect form"
5,Gym,Strength Training,Lower Body,Squat Below Parallel for Full Quad Development,"Squat to at least parallel (thighs horizontal) or deeper to fully activate quadriceps, glutes and hamstrings.",Full quad and glute activation,"Barbell, squat rack","3-5 sets of 5-8 reps",Intermediate,"Quadriceps, glutes, hamstrings, calves",Very High,Intermediate gym-goers,"Knee pain, hip impingement",2x per week,"200-350 kcal",2-3 min,"Add 2.5-5kg each successful session"
6,Gym,Strength Training,Back,Deadlift with Neutral Spine,"Keep spine neutral (not rounded) throughout the deadlift by hinging at hips, pushing floor away and maintaining tight lats.",Builds total body strength safely,"Barbell, plates","3-5 sets of 3-6 reps",Intermediate,"Hamstrings, glutes, lower back, traps",Very High,Intermediate gym-goers,"Lower back injury, disc problems",1-2x per week,"200-400 kcal",3-5 min,"Add 5kg when all sets are completed cleanly"
7,Gym,Strength Training,Isolation,Include Isolation Exercises for Weak Points,"After compound lifts, add isolation exercises like bicep curls, lateral raises and leg curls to target lagging muscle groups.",Addresses muscle imbalances and aesthetics,"Dumbbells, cables, machines","15-20 min at end of session",Intermediate,Specific muscle groups,High,Intermediate gym-goers,Joint injuries in targeted area,2-3x per week,"100-150 kcal",60-90 sec,"Increase weight or reps gradually"
8,Gym,Strength Training,Split Training,Follow a Push Pull Legs Split,"Organise training into push days (chest, shoulders, triceps), pull days (back, biceps) and leg days – allows muscle groups 48–72 hours recovery.",Optimal frequency and recovery,Full gym access,"3-6 days per week",Intermediate,"Entire body across the week",Very High,Intermediate to advanced gym-goers,None,"3-6x per week","200-400 kcal per session","48-72 hours per muscle group","Add volume or weight each week"
9,Gym,Hypertrophy,Volume Training,Train in the 8‑12 Rep Range for Hypertrophy,"For maximum muscle growth, perform exercises in the 8‑12 rep range with 60‑75% of your 1‑rep max; aim for 10‑20 sets per muscle group per week.",Maximum muscle hypertrophy stimulus,Gym equipment,60-90 min,Intermediate,All major muscle groups,Very High,Those seeking muscle growth,None,"4-5x per week","250-400 kcal",60-90 sec,"Increase weight once top of rep range is achieved"
10,Gym,Hypertrophy,Time Under Tension,Use Slow Eccentric Contractions,"Lower weights slowly (3‑4 seconds) during the eccentric phase (e.g., bench press, curls, squats) to increase muscle damage and growth stimulus.",Increases muscle damage and growth stimulus,Any gym equipment,Normal session (slower tempo),Intermediate,Targeted muscle group,High,Muscle‑building focused individuals,Joint issues,"2-3x per week",Similar to normal training,Slightly longer rest (90 sec),"Progress weight when form is maintained"
11,Gym,Hypertrophy,Techniques,Use Drop Sets for Muscle Exhaustion,"After reaching failure, reduce weight by 20‑25% and continue for more reps without rest – pushes past normal failure point.",Increases metabolic stress,Dumbbells or machines,"Add 1‑2 drop sets at end of each exercise",Advanced,Targeted muscle group,High,Advanced gym-goers,"Injury, fatigue, overtraining","1x per muscle group per week",None within drop set,"Only add when plateauing"
12,Gym,Hypertrophy,Techniques,Incorporate Supersets to Save Time,"Pair two exercises for opposing muscles (e.g., biceps/triceps or chest/back) back‑to‑back with no rest – doubles workout density.",Saves time, maintains intensity,Gym equipment,Same time as normal workout,Intermediate,Opposing muscle groups,High,Time‑limited gym-goers,None,"2-4x per week",Slightly higher due to density,"Rest after completing the superset pair","Increase weight on both exercises progressively"
13,Gym,Cardio,HIIT,Do HIIT on the Treadmill,"Alternate 30 seconds sprinting at 85‑95% max effort with 90 seconds walking for 20‑25 minutes – maximum fat burning in minimum time.",Burns 25‑30% more calories than steady‑state cardio,Treadmill,20-25 min,Intermediate,"Cardiovascular system, legs",Very High,All gym-goers,"Joint issues, knee pain, heart conditions","2-3x per week","250-400 kcal","90 sec walk between sprints","Increase sprint speed or reduce rest"
14,Gym,Cardio,Steady State,Use Steady State Cardio for Active Recovery,"30‑45 minutes low intensity cardio (60‑65% max heart rate) on rest days improves cardiovascular health and blood flow to muscles, aiding recovery.",Enhances recovery without fatigue,"Treadmill, bike, elliptical",30-45 min,Easy,Cardiovascular system,High,All gym-goers,None,"2-3x per week on rest days","200-350 kcal",Continuous,"Gradually increase duration"
15,Gym,Flexibility,Stretching,Always Warm Up Before Lifting,"5‑10 minutes dynamic stretches (leg swings, arm circles, hip circles) plus light cardio – increases core temperature, joint mobility, prevents injury.",Reduces injury risk by up to 50%,None needed,5-10 min,Easy,Full body,Very High,All gym-goers,None,Before every session,"50-100 kcal",N/A,"Progress from light to more dynamic movements"
16,Gym,Flexibility,Stretching,Static Stretch After Every Session,"Hold each major muscle stretch for 30‑60 seconds after training – improves flexibility, reduces DOMS, returns muscles to resting length.",Improves flexibility, reduces next‑day soreness,Yoga mat,"10-15 min post‑workout",Easy,All trained muscle groups,High,All gym-goers,"Acute injury (avoid stretching injured tissue)",After every session,"30-50 kcal",N/A,"Gradually increase hold time and range"
17,Gym,Core,Stability,Prioritise Core Stability Over Aesthetics,"Train core for stability with planks, dead bugs, bird dogs, pallof presses – prevents back injury and improves all lifts.",Prevents back injury and improves lifting,"Mat, cable machine",10-15 min,Beginner-Intermediate,"Core (transverse abdominis, multifidus)",Very High,All gym-goers,Lower back injury (modify),"3-4x per week","80-120 kcal",30-60 sec,"Increase hold time or add resistance"
18,Gym,Core,Strength,Include Anti‑Rotation Core Exercises,"Pallof press, landmine rotations, cable chops – these build functional core stability better than crunches.",Builds rotational stability,"Cable machine, resistance band",10-15 min,Intermediate,"Obliques, transverse abdominis",High,All gym-goers,Back pain (consult doctor),"2-3x per week","80-100 kcal",60 sec,"Increase resistance gradually"
19,Yoga,Flexibility,Morning Routine,Practice Sun Salutations Every Morning,"5‑10 rounds of Surya Namaskar each morning – warms up body, improves spinal flexibility, sets a focused mindset.",Full‑body warm‑up and mental clarity,Yoga mat,15-20 min,Beginner,"Spine, shoulders, hamstrings",High,All ages,Wrist injury (modify),Daily,"100-150 kcal",Flow continuously,"Add vinyasas or hold poses longer"
20,Yoga,Flexibility,Hip Opening,Hold Pigeon Pose for Hip Flexibility,"Hold Pigeon pose 60‑90 seconds per side – releases tight hip flexors and piriformis (common in desk workers).",Releases tight hips and piriformis,Yoga mat,"60-90 sec per side",Beginner-Intermediate,"Hip flexors, piriformis, glutes",High,"Office workers, runners","Hip replacement, severe hip pain",Daily,"30-50 kcal",N/A,"Gradually sink deeper into pose"
21,Yoga,Strength,Balance,Practice Warrior Series for Leg Strength,"Flow through Warrior I, II and III, holding 5‑10 breaths each – builds functional leg strength, balance and focus.",Leg strength and balance,Yoga mat,20-30 min,Beginner-Intermediate,"Quadriceps, glutes, hamstrings",Moderate,General population,Knee injury (modify),"3-4x per week","150-200 kcal",Flow between poses,"Hold longer or add more challenging variations"
22,Yoga,Mindfulness,Stress Reduction,Practice Yoga Nidra for Deep Relaxation,"Lie in Savasana with a body‑scan guided relaxation (yoga nidra) 20‑30 minutes – activates parasympathetic nervous system, reduces stress.",Reduces cortisol by up to 30%,"Yoga mat, blanket",20-30 min,Easy,"Nervous system, mind",High,"Stressed individuals, anxiety sufferers",None,"Daily or as needed",Minimal (resting),N/A,"No physical progression – deepen awareness"
23,Yoga,Breathing,Pranayama,Practice Box Breathing (4‑4‑4‑4),"Inhale 4 counts, hold 4, exhale 4, hold 4 – repeat 5‑10 minutes – activates parasympathetic nervous system, reduces anxiety.",Lowers heart rate and cortisol,None,5-10 min,Easy,"Respiratory system, nervous system",Very High,General population,Severe respiratory conditions,Daily,Minimal,N/A,"Increase counts to 5‑5‑5‑5 then 6‑6‑6‑6"
24,Yoga,Strength,Inversions,Build Up to Headstand Gradually,"Dolphin pose and headstand prep at wall before full headstand – builds shoulder and core strength for safe inversion.",Shoulder strength and body awareness,"Yoga mat, wall",10-15 min practice,Intermediate,"Shoulders, core, neck",Moderate,Intermediate yoga practitioners,"Neck injury, high blood pressure, glaucoma","2-3x per week","80-120 kcal","Rest between attempts","Progress from wall support to freestanding"
25,Yoga,Flexibility,Backbends,Include Backbends for Spine Health,"Cobra, upward dog, camel, wheel – progressively to counteract forward‑hunching posture, improve spine mobility, open chest.",Counteracts desk posture, improves spinal mobility,"Yoga mat, block",10-15 min,Beginner-Intermediate,"Spine erectors, chest, shoulders",High,"Office workers, general","Lumbar disc issues (consult doctor)",Daily,"60-100 kcal","Flow or hold 30‑60 sec","Progress from cobra to full wheel gradually"
26,Yoga,Recovery,Restorative,Use Restorative Yoga on Rest Days,"Supported poses (legs‑up‑wall, supported fish, reclined butterfly) with bolsters, held 5‑10 minutes each – deeply restores nervous system after hard training.",Active recovery and nervous system restoration,"Yoga mat, bolster, blanket",30-45 min,Easy,"Nervous system, passive stretching",High,"Athletes, anyone stressed",None,"1-2x per week on rest days","50-80 kcal","Hold poses 5‑10 min each","Add longer holds or more poses"
27,Yoga,Core,Pilates-Yoga Fusion,Add Boat Pose for Core Endurance,"Hold Navasana (boat pose) 10‑30 seconds – focuses on lifting through sternum and engaging deep core.",Deep core engagement,Yoga mat,"Hold 10‑30 sec x 5 rounds",Intermediate,"Hip flexors, transverse abdominis",High,Yoga practitioners,Lower back pain (modify),3x per week,"60-80 kcal","30 sec rest between holds","Increase hold time or add leg extensions"
28,Yoga,Balance,Single Leg,Practice Tree Pose for Balance,"Stand on one leg in Vrksasana, focus on a fixed point (drishti) – 30‑60 seconds per side. Improves proprioception and balance.",Improves balance and proprioception,"Yoga mat (optional)","30-60 sec each side",Beginner,"Ankle stabilizers, core",Moderate,"All ages, especially elderly",Severe balance issues,Daily,"30-50 kcal",Switch sides,"Progress to eyes closed or standing on unstable surface"
29,Swimming,Technique,Freestyle,Master Freestyle Breathing Technique,"Bilateral breathing (every 3 strokes) – develops balanced shoulder rotation, reduces fatigue, improves oxygen efficiency.",Even shoulder development and aerobic efficiency,"Pool, swimwear, goggles",30-45 min,Beginner-Intermediate,"Shoulders, lats, core, cardiovascular",High,Swimmers of all levels,None,"3-4x per week","300-500 kcal","Rest 30‑60 sec between sets","Progress to breathing every 5 strokes"
30,Swimming,Technique,Backstroke,Perfect Backstroke for Spine Relief,"Backstroke extends the spine (opposite of other strokes) – ideal for lower back pain while still providing full‑body workout.",Decompresses spine, works full body,Pool,20-30 min,Beginner,"Back muscles, shoulders, legs",Moderate,"People with lower back pain",Shoulder impingement,3x per week,"200-350 kcal",Rest between laps,"Increase speed and distance"
31,Swimming,Technique,Breaststroke,Use Breaststroke for Knee Rehabilitation,"Breaststroke kick engages inner thighs and is lower‑impact – excellent gentle cardio during knee recovery.",Low‑impact cardio during injury recovery,Pool,20-30 min,Beginner,"Inner thighs, chest, shoulders",Moderate,Injury rehabilitation,"Acute knee or groin injury","2-3x per week","200-300 kcal",Rest between lengths,"Increase speed, then distance"
32,Swimming,Technique,Butterfly,Build to Butterfly Stroke Progressively,"Master undulation drills and dolphin kick before full butterfly – the most technically demanding and intense stroke.",Full‑body power and coordination,Pool,"Short sets (25m each)",Advanced,"Full body, especially lats and core",High,Advanced swimmers,Shoulder injury,"1-2x per week (intense)","400-600 kcal","60-90 sec between 25m sets","Add distance gradually"
33,Swimming,Training,Intervals,Do Swim Intervals for Fat Loss,"Alternate 50m hard (85‑90% max) with 50m easy recovery – 20‑30 minutes total. Burns 40% more calories than easy swimming.",Maximises calorie burn and cardiovascular adaptation,Pool,30-45 min,Intermediate,"Cardiovascular system, full body",High,Intermediate swimmers,None,3x per week,"400-600 kcal","50m easy between hard efforts","Increase hard effort distance"
34,Swimming,Training,Endurance,Build Open Water Swimming Endurance,"Gradually increase continuous lap distance by 10% per week – builds aerobic base and mental toughness for events.",Aerobic base and mental resilience,"Pool or open water",45-90 min,Intermediate-Advanced,"Cardiovascular system, full body",High,"Triathletes, open water swimmers",Heart conditions,"2-3x per week","400-700 kcal",Continuous swim,"Add 200m per week"
35,Swimming,Recovery,Cool Down,Always Finish Swimming with Easy Laps,"Final 5‑10 minutes of very easy backstroke or freestyle – gradually lowers heart rate, flushes lactic acid, prevents dizziness.",Proper cardiovascular recovery,Pool,5-10 min,Easy,Cardiovascular system,High,All swimmers,None,After every swim session,"50-100 kcal",Continuous easy effort,N/A
36,Swimming,Drills,Kick Work,Use Kickboard Drills for Leg Strength,"Isolate kick with a kickboard – 4×50m sets. Strengthens hip flexors, quads, calves, improves ankle flexibility.",Strengthens kick and leg muscles,"Kickboard, pool",15-20 min,Beginner-Intermediate,"Quadriceps, hip flexors, ankles",Moderate,All swimmers,Knee injury (modify),2x per week,"150-250 kcal","30-45 sec between sets","Increase sets or reduce rest"
37,Swimming,Drills,Pull Work,Use Pull Buoy for Upper Body Focus,"Place pull buoy between thighs to eliminate kick – isolate upper body pull (4‑6×50m). Builds lat and shoulder strength.",Isolates and strengthens upper body pull,"Pull buoy, pool",15-20 min,Intermediate,"Lats, shoulders, biceps",Moderate,All swimmers,Shoulder injury,2x per week,"150-200 kcal",30 sec between sets,"Increase distance or sets"
38,Running,Technique,Form,Run with Proper Running Form,"Head up, shoulders relaxed, arms at 90°, hands loose, cadence 170‑180 steps/min, land with foot under hips – reduces injury risk by 30%.",Reduces injury risk, improves efficiency,Running shoes,Any run,All levels,"Lower body, cardiovascular",Very High,All runners,None,Every run,Varies by pace,N/A,"Focus on one cue at a time"
39,Running,Training,Beginner,Follow Couch to 5K Program,"Alternate walking and running intervals in a structured 9‑week program – builds from 1 minute to 30 continuous minutes.",Safe and gradual introduction to running,Running shoes,"3x per week, 20-30 min",Beginner,"Lower body, cardiovascular",Very High,Complete beginners,"Serious joint conditions (consult doctor)",3x per week,"150-300 kcal",Walk periods are rest,"Progress exactly as program dictates"
40,Running,Training,Endurance,Apply the 10% Rule for Mileage Increase,"Never increase weekly distance by more than 10% – allows connective tissue and bones to adapt, prevents overuse injuries.",Prevents overuse injuries,Running shoes,Varies,All levels,"Lower body, cardiovascular",Very High,All runners,None,Weekly planning rule,N/A,N/A,"Stick strictly to 10% increase maximum"
41,Running,Training,Speed,Do Weekly Tempo Runs for Speed,"Comfortably hard pace (7/10 effort, can speak a few words) for 20‑40 minutes – improves lactate threshold and running economy.",Raises lactate threshold, improves race pace,Running shoes,40-50 min,Intermediate,"Cardiovascular system, legs",Very High,Intermediate runners,None,1x per week,"400-600 kcal","Warm up and cool down","Gradually increase tempo run duration"
42,Running,Training,Speed,Include Strides for Leg Turnover,"6‑8×100m accelerations at 90‑95% effort with full recovery after easy runs – improves neuromuscular efficiency and speed.",Improves neuromuscular efficiency and form,"Running track or flat road",15-20 min added to easy run,Intermediate,"Legs, cardiovascular system",High,Intermediate runners,None,"1-2x per week","100-150 kcal extra","Full recovery walk back","Add strides or increase number"
43,Running,Recovery,Rest Days,Prioritise Running Rest Days,"At least 1‑2 full rest days per week – bones, cartilage and tendons adapt only during recovery, not during runs.",Prevents stress fractures and overuse injury,None,Full rest,N/A,"Recovery, systemic",Very High,All runners,None,"1-2x per week",N/A,Full day rest,N/A
44,Running,Gear,Footwear,Replace Running Shoes Every 500‑800km,"Track shoe mileage – replace when EVA foam compresses (usually 500‑800km) – worn shoes increase injury risk significantly.",Prevents injury from worn cushioning,Running shoes,N/A,N/A,N/A,High,All runners,None,"Every 500‑800km",N/A,N/A,N/A
45,Running,Terrain,Trail Running,Try Trail Running for Full Body Workout,"Run trails 1x per week – varied terrain strengthens stabiliser muscles, improves proprioception, reduces repetitive stress.",Activates stabilisers, reduces road impact,Trail running shoes,45-75 min,Intermediate,"Full lower body, stabilisers",High,Intermediate runners,Severe balance issues,1x per week,"400-600 kcal","Natural rest on uphills","Increase trail distance gradually"
46,Cycling,Outdoor,Technique,Master Hill Climbing on Bike,"Shift to easier gear before hills, stand briefly on steep sections, keep cadence >60 RPM, pace breathing – builds leg power & efficiency.",Builds leg power and climbing efficiency,"Road or mountain bike",Included in any ride with hills,Intermediate,"Quadriceps, glutes, cardiovascular",High,Cyclists,"Knee pain (stay seated on hills)",As hills occur in rides,"400-700 kcal per hour",None during climb,"Tackle progressively steeper hills"
47,Cycling,Indoor,Spin Class,Use Indoor Cycling for HIIT Cardio,"Attend spin classes or follow indoor programs with seated/standing intervals – builds leg power and cardiovascular fitness regardless of weather.",Leg power and cardiovascular fitness,"Stationary bike, spin bike",45-60 min,Beginner-Intermediate,"Quadriceps, hamstrings, cardiovascular",High,All fitness levels,Knee injury,"2-3x per week","400-600 kcal",Built into class structure,"Increase resistance gradually"
48,Cycling,Endurance,Long Ride,Build Aerobic Base with Long Slow Rides,"One long easy ride (2‑4 hours at 65‑70% max heart rate) per week – builds aerobic base, fat burning efficiency, cardiovascular endurance.",Aerobic base and fat burning efficiency,"Road or mountain bike",2-4 hours,Intermediate,"Cardiovascular system, legs",Very High,Intermediate‑advanced cyclists,None,1x per week,"600-1200 kcal",Continuous,"Increase by 30 min per week"
49,Cycling,Recovery,Nutrition,Fuel Long Bike Rides Properly,"Consume 30‑60g carbs per hour for rides >60 min (gels, bars, bananas) plus 500‑750ml fluid per hour – prevents bonking.",Prevents energy crashes and dehydration,"Food, water",During rides over 60 min,All levels,N/A (nutrition strategy),Very High,All cyclists,Diabetics (adjust carbs),Every long ride,N/A,Eat every 45 min,N/A
50,Cycling,Mountain Biking,Technique,Look Ahead on Mountain Bike Trails,"Always look 3‑4 metres ahead of front wheel – helps process terrain, plan line choice, maintain momentum and balance.",Improves trail reading, prevents crashes,"Mountain bike, helmet",During trail rides,Intermediate,"Upper body stabilisers, core",High,Mountain bikers,None,Every trail ride,"400-700 kcal per hour",N/A,"Tackle progressively technical trails"
51,HIIT,General,Protocol,Follow Tabata Protocol for Maximum Efficiency,"8 rounds of 20 sec max effort, 10 sec rest (4 minutes total) – superior aerobic and anaerobic adaptations in very short time.",Improves both aerobic and anaerobic capacity,"None or minimal",4 min per exercise,Intermediate-Advanced,"Cardiovascular system, targeted muscles",Very High,Intermediate fitness levels,"Heart conditions, joint issues","2-3x per week","100-150 kcal per 4 min Tabata",10 sec rest within Tabata,"Increase number of exercises or rounds"
52,HIIT,General,Protocol,Use 1:2 Work‑to‑Rest Ratio for Power HIIT,"Work 20‑30 sec at 90‑100% effort, rest 40‑60 sec – allows near‑complete recovery between power efforts. Builds explosive power.",Develops explosive power and speed,Varies,20-30 min,Intermediate,"Full body, cardiovascular",High,Intermediate‑advanced,Heart conditions,2x per week,"300-400 kcal","40-60 sec between efforts","Increase work time or decrease rest"
53,HIIT,Exercises,Plyometrics,Include Box Jumps for Explosive Power,"Jump onto a plyo box (start 20‑30cm high) – focus on soft, quiet landing. Develops explosive leg power and fast‑twitch fibres.",Explosive power and fast‑twitch muscles,Plyo box,"3‑4 sets of 5‑8 reps",Intermediate,"Quadriceps, glutes, calves",High,"Athletes, intermediates","Knee or ankle injury",2x per week,"150-200 kcal",2 min between sets,"Increase box height progressively"
54,HIIT,Exercises,Burpees,Master the Burpee for Full Body Conditioning,"Burpees (squat, thrust, push‑up, jump) at high intensity for 30‑60 sec sets – engages every major muscle group, spikes heart rate rapidly.",Full‑body conditioning and calorie burn,None,30-60 sec sets,Intermediate,"Full body, cardiovascular",High,General population,"Wrist, shoulder, knee issues","2-3x per week","10-15 kcal per minute","Equal rest to work period","Add a push‑up or tuck jump variation"
55,HIIT,Exercises,Kettlebell,Do Kettlebell Swings for Posterior Chain,"Perform swings 20‑40 reps – focus on hip hinge, not squat. Builds powerful glutes/hamstrings while training cardiovascular system.",Posterior chain power and cardio,Kettlebell,"3‑5 sets of 20‑30 reps",Intermediate,"Glutes, hamstrings, cardiovascular",Very High,Intermediate gym-goers,Lower back injury,"2-3x per week","200-350 kcal",60-90 sec between sets,"Increase kettlebell weight or reps"
56,HIIT,Bodyweight,Circuit,Create Full Body Bodyweight Circuit,"Combine push‑ups, squats, mountain climbers, jumping jacks, lunges, plank holds – 40 sec work / 20 sec rest, 4‑6 rounds.",Full‑body conditioning without equipment,None,30-45 min,Beginner-Intermediate,Full body,High,All fitness levels,None,"3-4x per week","300-500 kcal",20 sec between exercises,"Add rounds, increase work time, or add harder variations"
57,CrossFit,General,WOD,Understand CrossFit WOD Structure,"Scale all workouts (WODs) to your current fitness level – lighter weights, fewer reps, modified movements. Scaling prevents injury.",Safe progressive fitness development,CrossFit gym equipment,Varies by WOD,All levels (scaled appropriately),Full body,High,All fitness levels,None,"3-5x per week","300-600 kcal",Built into WOD,"Scale up weight, reps or movement complexity"
58,CrossFit,Olympic Lifting,Technique,Learn Olympic Lifts with PVC Pipe First,"Practice clean & jerk and snatch with PVC pipe or empty barbell – master technique before adding weight. Prevents serious injury.",Prevents injury from poor technique,"PVC pipe or empty barbell","30-45 min technique sessions",Beginner (with coach),Full body (especially posterior chain),Very High,All CrossFit athletes (beginners),"Previous shoulder or back injury","2-3x per week technique work","150-250 kcal",2-3 min between sets,"Add weight only when coach approves technique"
59,CrossFit,Gymnastics,Skills,Build Pull‑Up Strength Progressively,"Progress from ring rows → banded pull‑ups → strict pull‑ups before attempting kipping/butterfly – builds necessary shoulder strength.",Builds shoulder strength, prevents injury,"Pull‑up bar, resistance bands","3‑5 sets to near failure",Beginner-Intermediate,"Lats, biceps, core",High,CrossFit athletes,Shoulder injury,3x per week,"100-150 kcal",2 min between sets,"Remove band tension or add reps"
60,Pilates,Core,Fundamentals,Master Pilates Breathing First,"Learn lateral thoracic breathing (inhale – expand ribs sideways, exhale – engage deep core) – foundation of all Pilates movement.",Activates deep core muscles,"Mat or reformer","First 2‑4 weeks",Beginner,"Core, pelvic floor, diaphragm",High,All Pilates beginners,None,Every session,N/A,N/A,"Apply to increasingly complex movements"
61,Pilates,Core,Mat Work,Practice the Hundred for Core Activation,"Lie on back, raise legs to tabletop or 45°, pump arms 100 times while breathing (5 inhale / 5 exhale). Warms up core and circulation.",Activates core, warms up body,Mat,5-10 min,Beginner-Intermediate,"Core, hip flexors",High,Pilates practitioners,Lower back pain (bend knees),Every session,"50-80 kcal",N/A,"Straighten legs, lower them toward floor"
62,Pilates,Reformer,Equipment,Use Reformer for Spinal Rehabilitation,"Reformer uses spring resistance to support and challenge simultaneously – ideal for spinal rehab, post‑surgery recovery, posture correction.",Rehabilitates spine, corrects posture,Pilates reformer,45-60 min,Beginner (with instructor),Full body (especially core/spine),High,"People with back pain, post‑surgery patients",Acute spinal injury without medical clearance,"2-3x per week","150-250 kcal",Built into session,"Increase spring resistance, reduce support"
63,Pilates,Flexibility,Stretching,Use Pilates for Hip Flexor Lengthening,"Swan dive, prone extension, hip flexor stretches – lengthens chronically tight hip flexors from sitting.",Counteracts tight hip flexors from sitting,"Mat or reformer",10-15 min,Beginner,"Hip flexors, lumbar spine",High,"Office workers, desk workers",Hip impingement,Daily,"50-80 kcal","Hold each position 30‑60 sec","Increase range of motion gradually"
64,Calisthenics,Bodyweight,Fundamentals,Master Basic Calisthenics Progressions,"Follow progressions from easier to harder (e.g., push‑ups: wall → incline → standard → diamond → archer → one‑arm). Builds relative strength.",Relative body strength,None,30-60 min,Beginner,Full body,High,All fitness levels,None,"3-4x per week","200-350 kcal",2 min between sets,"Move to next progression when 3x8 reps achieved cleanly"
65,Calisthenics,Skills,Advanced,Work Toward the Muscle‑Up,"Build foundation with 10+ pull‑ups and 10+ dips before attempting muscle‑up – uses false grip and hip drive.",Elite upper body pulling strength,"Pull‑up bar, dip bars",15-20 min skill work,Advanced,"Lats, biceps, chest, triceps, core",High,Advanced calisthenics athletes,Shoulder injury,"2-3x per week","150-200 kcal","2-3 min between attempts","Progress false‑grip pull‑ups, then transition work"
66,Calisthenics,Core,Plank Variations,Progress Through Plank Variations,"Standard plank → RKC plank → side plank → plank with shoulder taps → plank to push‑up. Builds complete core stability.",Complete core stability development,"None or parallettes","30 sec to 2 min holds",Beginner‑Advanced,Full core,High,All fitness levels,Lower back pain (modify),Daily,"60-100 kcal","30-60 sec between sets","Increase hold time, add movement"
67,Calisthenics,Skills,Handstand,Build Toward Handstand Balance,"Progress through wall handstand (chest‑to‑wall) → shoulder taps → freestanding holds using parallettes – builds wrist strength, shoulder stability, alignment.",Shoulder strength and body control,"Parallettes or wall","10-15 min practice daily",Intermediate,"Shoulders, wrists, core",Moderate,Intermediate calisthenics,"Wrist injury, high blood pressure",Daily practice,"80-120 kcal",Rest between attempts,"Decrease wall support time"
68,Martial Arts,Kickboxing,Cardio,Use Cardio Kickboxing for Fat Loss,"Practice jabs, crosses, hooks, uppercuts, front kicks, roundhouse kicks on heavy bag – 3 min rounds / 1 min rest. Excellent calorie burn.",Burns 500‑800 kcal/hour, improves coordination,"Boxing gloves, heavy bag",45-60 min,Beginner-Intermediate,"Full body, cardiovascular",High,All fitness levels,"Wrist, shoulder injury",3x per week,"450-600 kcal",1 min between 3 min rounds,"Add combination complexity or rounds"
69,Martial Arts,Boxing,Technique,Practice Boxing Fundamentals,"Proper stance, guard, head movement, basic combos (jab‑cross, jab‑cross‑hook) on pads or bag before sparring. Builds foundation safely.",Self‑defence, coordination,"Gloves, wraps, bag or pads",60 min,Beginner,"Shoulders, core, legs, cardiovascular",High,General population,Wrist injury,"2-3x per week","400-600 kcal",1 min between rounds,"Add combinations and defensive movements"
70,Martial Arts,BJJ,Grappling,Start Brazilian Jiu‑Jitsu for Full Body Strength,"BJJ wrestling, drilling, sparring develops full body functional strength, flexibility, and problem‑solving under pressure.",Functional fitness and mental acuity,"BJJ gi or rash guard",60-90 min,Beginner,Full body,High,"Adults seeking martial arts","Serious neck or shoulder injury","2-3x per week","400-700 kcal",Built into class,"Consistent practice over years"
71,Rowing,Machine,Technique,Master Rowing Machine Sequencing,"Sequence: legs‑body‑arms on drive; arms‑body‑legs on recovery. Damper 3‑5 (not max) – rows efficiently at sustainable pace.",Correct muscle sequencing and efficiency,Rowing machine,20-30 min,Beginner,"Full body (86% of muscles)",High,All fitness levels,Lower back injury,3x per week,"400-600 kcal",Built into workout,"Increase pace or duration"
72,Rowing,Machine,HIIT,Do 500m Row Intervals,"Row 500m as fast as possible, rest 2‑3 min, repeat 6‑8 times – builds explosive power and cardiovascular capacity simultaneously.",Power and cardiovascular capacity,Rowing machine,30-40 min,Intermediate,"Full body, cardiovascular",High,Intermediate athletes,Lower back injury,2x per week,"400-600 kcal","2‑3 min full rest","Decrease target time or add intervals"
73,Rowing,Outdoor,Technique,Try Outdoor Sculling for Full Body Fitness,"On‑water rowing requires balance, coordination, full body power – meditative outdoor experience superior to indoor rowing for many.",Full‑body workout with mindfulness,"Rowing shell, oars",60-90 min,Intermediate (with coaching),Full body,High,"Those near water",None (with proper coaching),2x per week,"500-700 kcal",Continuous water rowing,"Increase stroke rate and distance"
74,Dancing,Cardio,Zumba,Take Zumba Classes for Joyful Cardio,"Latin dance movements with upbeat music – fun, high‑calorie workout that improves coordination, rhythm, cardiovascular fitness without feeling like exercise.",Burns 400‑600 kcal/hour, improves mood,"None (class setting)",60 min,Beginner,"Full body, cardiovascular",Moderate,"All ages, especially women","Severe knee issues (low‑impact version)",2‑3x per week,"400-600 kcal",Built into class flow,"Increase intensity or try advanced classes"
75,Dancing,Fitness,Pole Dancing,Try Pole Dancing Fitness for Strength,"Pole fitness builds exceptional upper body and core through climbing, spinning, inverted moves – also dramatically improves body image and confidence.",Upper body strength, confidence boost,"Vertical pole",60 min,Beginner (with instructor),"Upper body, core",Moderate,All adults,"Shoulder, wrist injury",2x per week,"300-500 kcal",Rest between sequences,"Progress from floor work → spins → inversions"
76,Dancing,Cardio,Barre,Use Barre Workouts for Lean Muscle,"Ballet‑inspired barre workouts use small isometric movements to fatigue and sculpt specific muscles – especially glutes, thighs, core.",Sculpts and tones muscles (especially lower body),"Barre or chair",45-60 min,Beginner,"Glutes, thighs, core",Moderate,"All fitness levels, especially beginners",None,"3-4x per week","250-400 kcal",Minimal (continuous small pulses),"Increase range of motion or time in position"
77,Stretching,Mobility,Dynamic,Practice Daily Dynamic Mobility Routine,"10‑15 minutes of cat‑cow, world’s greatest stretch, hip circles, thoracic rotation – improves joint health, prevents stiffness.",Improves range of motion, prevents injury,None,10-15 min,Easy,"Full body, joints",High,"All adults, especially 35+",Acute injury (modify),Daily morning,"50-80 kcal",Flow continuously,"Add more complex movements"
78,Stretching,Mobility,Hip Flexors,Stretch Hip Flexors Daily for Posture,"Deep lunge or couch stretch 60‑90 seconds per side – counteracts shortening of hip flexors from prolonged sitting (which causes anterior pelvic tilt).",Corrects anterior pelvic tilt, lower back pain,"None, yoga mat",3-5 min daily,Easy,"Hip flexors, psoas",High,"Office workers, desk workers",Hip injury,Daily,"20-30 kcal",N/A,"Progress to more extended back position"
79,Stretching,Mobility,Thoracic Spine,Improve Thoracic Spine Mobility,"Foam roller on T‑spine or thoracic rotation stretches – counteracts thoracic kyphosis (hunchback) from computer use.",Corrects upper back posture, reduces neck pain,Foam roller,5-10 min,Easy,"Thoracic spine, upper back",High,"Office workers, sedentary",Acute spinal injury,Daily,"20-40 kcal","Hold each segment 30‑45 sec","Increase extension range"
80,Stretching,Foam Rolling,Self Myofascial Release,Foam Roll Before and After Workouts,"30‑60 seconds on each major muscle group (IT band, quads, calves, lats) – breaks adhesions, increases blood flow, reduces DOMS.",Reduces DOMS, improves muscle quality,Foam roller,10-15 min,Easy,All major muscle groups,Moderate‑High,All athletes,"Open wounds, bruises",Before and after every session,"50-80 kcal","Move slowly, find tender spots","Use harder roller or lacrosse ball for deeper pressure"
81,Outdoor,Hiking,Endurance,Start Hiking for Sustainable Fitness,"Begin with local trails <5km and moderate elevation, build to longer/technical – develops cardiovascular endurance, leg strength, mental resilience.",Low‑impact cardiovascular and leg conditioning,Hiking boots,1‑4 hours,Beginner‑Intermediate,"Legs, cardiovascular system",High,All ages,Severe joint problems,Weekly,"300-600 kcal per hour",Breaks on ascent,"Add distance and elevation gradually"
82,Outdoor,Rock Climbing,Functional Strength,Try Rock Climbing for Functional Strength,"Bouldering (low walls, no ropes) or sport climbing – builds grip strength, pulling strength, core stability, problem‑solving.",Grip, pulling strength, mental focus,"Climbing shoes, chalk",60-120 min,Beginner (with instruction),"Full body (especially forearms, back, core)",High,All adults,"Fear of heights (bouldering is ground level)",2x per week,"400-700 kcal",Between problem attempts,"Progress to harder grades"
83,Outdoor,Kayaking,Upper Body,Kayak for Upper Body and Core Strength,"Continuous paddling builds strong lats, shoulders, core – low‑impact cardiovascular workout in a mentally refreshing outdoor setting.",Upper body, core strength, low joint impact,"Kayak, paddle, life jacket",60-120 min,Beginner,"Lats, shoulders, core, cardiovascular",Moderate,All ages,"None with proper instruction","Weekend or 2x per week","300-500 kcal",Drift between paddling bouts,"Increase distance or try rougher water"
84,Outdoor,Jump Rope,Cardio,Use Jump Rope for Elite Cardio Conditioning,"Jump rope burns 10‑16 calories per minute while improving coordination, timing, calf strength – start with 30 sec efforts.",Superior calorie burning and coordination,Jump rope,15-30 min,Beginner,"Calves, cardiovascular, coordination",High,All fitness levels,"Joint issues (reduce intensity)","3-4x per week","300-500 kcal","30-60 sec rest between sets","Progress to double‑unders or crossovers"
85,Outdoor,Parkour,Functional,Learn Basic Parkour for Functional Fitness,"Precision jumps, balance walking, vaults – develops body awareness, coordination, functional strength in a creative environment.",Full‑body functional strength and coordination,"Outdoor obstacles or gym",60 min,Intermediate,Full body,Moderate,"Active adults, teens",Serious joint conditions,2x per week,"400-600 kcal",Rest between movements,"Progress from low obstacles to higher, more complex movements"
86,Functional Training,Kettlebell,Full Body,Include Turkish Get‑Up for Full Body Control,"Turkish get‑up (lying to standing with kettlebell overhead) – most complete exercise for shoulder stability, core strength, hip mobility, coordination.",Complete total‑body function,Kettlebell,"3‑5 reps per side",Intermediate,Full body,High,All fitness levels,"Shoulder, wrist injury",2x per week,"100-150 kcal",2 min between sides,"Increase kettlebell weight"
87,Functional Training,TRX,Suspension,Use TRX Suspension Training for Core,"TRX exercises (rows, push‑ups, pikes, lunges) use body weight and gravity – every movement requires core stabilisation.",Constant core engagement,"TRX suspension trainer, anchor point",30-45 min,Beginner‑Intermediate,"Full body (especially core)",High,"All fitness levels (especially travellers)",None,3x per week,"250-400 kcal","30-60 sec between exercises","Decrease angle (increase difficulty) for each exercise"
88,Functional Training,Battle Ropes,Conditioning,Use Battle Ropes for Metabolic Conditioning,"Alternating waves, slams, circles – 20‑40 sec efforts, 40‑60 sec rest. Builds shoulder strength, core conditioning, aerobic capacity.",Full‑body metabolic conditioning,"Battle ropes, anchor",20-30 min,Intermediate,"Shoulders, core, cardiovascular",High,Intermediate athletes,Shoulder injury,"2-3x per week","300-500 kcal","40-60 sec between efforts","Increase effort time or use heavier ropes"
89,Functional Training,Sled,Pushing,Push Sled for Lower Body Power,"Load sled with moderate weight, push 20‑30m for 6‑8 sets – builds lower body power, quad strength, cardiovascular conditioning without eccentric soreness.",Leg power with minimal soreness,Weighted sled,15-20 min,Intermediate,"Quadriceps, glutes, calves, cardiovascular",High,"Athletes, rehabilitation patients",None (excellent for injured athletes),2x per week,"300-500 kcal","2-3 min between sets","Add weight or increase distance"
90,Flexibility,Yin Yoga,Deep Stretch,Practice Yin Yoga for Deep Connective Tissue,"Hold passive poses (dragon, lizard, butterfly) for 3‑5 minutes – targets fascia, ligaments, tendons that active stretching cannot reach.",Improves connective tissue flexibility and joint health,"Yoga mat, bolsters",45-75 min,Easy,"Connective tissue, joints, hips",High,"All adults, especially 35+",Acute injury,"2-3x per week","80-100 kcal",N/A (continuous holding),"Gradually increase hold time"
91,Flexibility,Active Stretching,PNF,Use PNF Stretching for Rapid Flexibility Gains,"Contract muscle at 70% effort for 6 sec, then relax and stretch further – repeat 2‑3 times per muscle group. Fastest flexibility gains.",Fastest method for improving flexibility,"Partner or wall",10-15 min,Intermediate,Major muscle groups,Very High,"Athletes seeking quick flexibility gains",None,"2-3x per week","50-80 kcal","20-30 sec contraction, then stretch","Increase intensity of contraction"
92,Balance,Stability,Proprioception,Train on Unstable Surfaces for Proprioception,"Single‑leg stands, squats, lunges on BOSU ball or balance board – trains proprioceptors in joints, reduces ankle/knee injury risk.",Reduces ankle/knee injury risk by 40%,"BOSU ball or balance board",10-15 min,Intermediate,"Ankle stabilisers, knee stabilisers, core",High,"Athletes, injury prevention",Severe balance disorders,"2-3x per week","100-150 kcal",60 sec between exercises,"Close eyes or add arm movements"
93,Balance,Stability,Single Leg,Practice Single Leg Romanian Deadlift,"Stand on one leg, hinge forward reaching opposite hand to standing foot – builds hamstring flexibility, single‑leg strength, balance.",Single‑leg strength and hamstring flexibility,"Dumbbell (optional)","3x8 each side",Intermediate,"Hamstrings, glutes, stabilisers",High,"Athletes, all fitness levels",Ankle injury,"2-3x per week","100-150 kcal",60 sec between sets,"Add weight or close eyes"
94,Sports Specific,Football,Agility,Do Ladder Drills for Football Agility,"In‑in‑out‑out, high knees, lateral shuffles, single‑leg hops – develops foot speed, coordination, change of direction for field sports.",Foot speed and change of direction,Agility ladder,15-20 min,Intermediate,"Legs, cardiovascular, coordination",High,"Football, basketball, soccer players",Ankle injury,2x per week,"200-300 kcal",30 sec between drills,"Increase speed or pattern complexity"
95,Sports Specific,Tennis,Upper Body,Strengthen Rotator Cuff for Tennis,"External rotation with band, prone Y‑T‑W – builds shoulder stability, prevents the most common tennis injury (rotator cuff tears).",Prevents rotator cuff tears,"Resistance band, light dumbbells",10-15 min,Easy,Rotator cuff muscles,Very High,"Tennis players, overhead athletes",Existing rotator cuff tear,3x per week,"50-80 kcal",30 sec between exercises,"Progress resistance band strength"
96,Sports Specific,Golf,Rotation,Build Rotational Power for Golf,"Cable rotations, medicine ball throws, hip mobility – develops rotational power and flexibility needed for an efficient golf swing.",Improves swing power, prevents back injury,"Cable machine, medicine ball",15-20 min,Intermediate,"Core, obliques, hips",High,Golfers,Lower back injury,3x per week,"100-150 kcal",60 sec between sets,"Increase resistance or medicine ball weight"
97,Recovery,Sleep,Muscle Repair,Prioritise 7‑9 Hours Sleep for Recovery,"Majority of growth hormone release and muscle protein synthesis occurs during deep sleep – single most important recovery tool.",Non‑negotiable for muscle growth and recovery,None,7-9 hours nightly,Easy,"Full body, systemic",Very High,"All athletes, fitness enthusiasts",None,Every night,N/A,N/A,"Optimise sleep environment progressively"
98,Recovery,Active Recovery,Light Movement,Do Light Activity on Rest Days,"Light walking, gentle swimming, easy yoga at 40‑50% effort – increases blood flow, delivers nutrients, clears metabolic waste without adding fatigue.",Accelerates recovery without added stress,Varies,20-40 min,Easy,"Cardiovascular, muscles (gentle)",High,All athletes,None,"1-2x per week","150-250 kcal",Continuous light effort,"Maintain at light intensity only"
99,Recovery,Nutrition,Post Workout,Consume Recovery Nutrition Within 45 Minutes,Eat 20‑40g protein and 40‑80g carbs within 45 minutes post‑workout – maximises muscle protein synthesis and glycogen replenishment.,Maximises muscle repair and glycogen storage,"Protein source, carbohydrate source",Within 45 min post‑workout,Easy,Systemic recovery,Very High,All athletes,None,After every workout,N/A,N/A,N/A
100,Recovery,Ice Bath,Cold Therapy,Try Cold Water Immersion for Recovery,"Immerse in cold water (10‑15°C) for 10‑15 minutes post intense training – reduces inflammation, decreases muscle soreness, accelerates recovery.",Reduces muscle soreness by up to 20%,"Cold bath or ice bath",10-15 min,Intermediate,"Muscular system, inflammatory system",High,"Athletes with intense training schedules","Cardiovascular conditions, Raynaud’s disease",After hard training sessions only,N/A,Continuous immersion,"Decrease temperature gradually"
101,Recovery,Sauna,Heat Therapy,Use Sauna Post Workout for Recovery,"Spend 15‑20 minutes in sauna (80‑100°C) after strength training – increases growth hormone release, improves cardiovascular function, promotes relaxation.",Increases growth hormone, aids recovery,Sauna,15-20 min post‑workout,Intermediate,"Cardiovascular system, muscles",High,Healthy adults,"Cardiovascular conditions, pregnancy","2-4x per week post training",N/A,Continuous,"Increase time gradually"
102,Senior Fitness,Low Impact,Balance,Practice Tai Chi for Elderly Balance,"Tai Chi slow flowing movements practiced 3x per week – reduces falls in elderly by up to 47% through improved balance, proprioception, lower body strength.",Reduces fall risk by 47%,"None, comfortable space",30-45 min,Easy,"Balance muscles, lower body",Very High,Adults 60+,None,3x per week,"150-200 kcal",Flow continuously,"Learn new forms"
103,Senior Fitness,Strength,Resistance,Lift Weights After 60 for Longevity,"Resistance training 2‑3x per week – the most effective intervention against sarcopenia (muscle loss), osteoporosis, metabolic disease. Linked to longer life.",Prevents age‑related muscle and bone loss,"Light dumbbells, resistance bands, machines",30-45 min,Easy‑Moderate (with guidance),"Full body (especially legs)",Very High,Adults 60+,Acute illness,"2-3x per week","150-250 kcal","2-3 min between exercises","Very gradual weight increases"
104,Senior Fitness,Flexibility,Range of Motion,Chair Yoga for Limited Mobility,"Seated yoga poses using a chair – improves flexibility, circulation, mental wellbeing for those with limited mobility, balance issues, or joint pain.",Improves flexibility and circulation safely,Chair,20-30 min,Easy,"Full body (gentle)",High,"Elderly, limited mobility individuals",None,Daily,"80-120 kcal",N/A,"Gradually increase range of motion"
105,Pregnancy,Prenatal,Safe Exercise,Practice Prenatal Yoga Safely,"Modified yoga – no deep twists, hot yoga, inversions, or lying flat on back after 2nd trimester – reduces back pain, prepares for labour.",Reduces pregnancy back pain, prepares for labour,"Yoga mat, blocks, bolster",30-45 min,Easy (modified),"Core, back, flexibility",High,Pregnant women,High‑risk pregnancy (consult OB),3x per week,"100-200 kcal",N/A,N/A — maintain safe level
106,Pregnancy,Prenatal,Cardiovascular,Continue Walking Throughout Pregnancy,"Walking at moderate pace (able to hold conversation) – safest, most effective cardiovascular exercise all trimesters. No overheating or impact.",Maintains cardiovascular fitness safely,Comfortable shoes,20-30 min,Easy,"Cardiovascular system, legs",Very High,All pregnant women,Complications (consult doctor),Daily,"150-250 kcal",Walk at comfortable pace,"Reduce intensity in third trimester"
107,Rehabilitation,Injury,Lower Back,Perform McGill Big 3 for Back Rehabilitation,"McGill curl‑up, bird‑dog, side plank – clinically proven to reduce back pain without spinal flexion. Daily practice.",Clinically proven to reduce chronic back pain,Mat,10-15 min,Easy‑Moderate,"Core, spinal stabilisers",Very High,"Chronic back pain sufferers","Acute disc herniation (consult physio)",Daily,"50-80 kcal","30-60 sec between exercises","Increase hold time gradually"
108,Rehabilitation,Injury,Knee,Strengthen VMO for Knee Pain,"Terminal knee extensions and single leg press – focus on last 30° of extension – specifically strengthens vastus medialis oblique (VMO) that stabilises kneecap.",Reduces patellofemoral pain and knee instability,"Resistance band, leg press machine",10-15 min,Easy,"Quadriceps (VMO specifically)",High,"Knee pain sufferers, runners",Acute knee injury,Daily,"50-80 kcal",60 sec between sets,"Increase resistance gradually"
109,Rehabilitation,Injury,Shoulder,Perform Rotator Cuff Rehab Daily,"Internal/external rotation with light resistance band, side‑lying external rotation, scaption – rehabilitates and bulletproofs shoulder.",Rehabilitates and prevents shoulder injuries,"Resistance band, light dumbbell",10-15 min,Easy,Rotator cuff muscles,Very High,"Anyone with shoulder pain history","Acute rotator cuff tear (consult physio)",Daily,"40-60 kcal",30 sec between exercises,"Progress resistance band tension"
110,Mind Body,Meditation,Focus,Practice Pre‑Workout Visualisation,"5‑10 minutes visualising yourself performing exercises perfectly, feeling strong and confident – mental rehearsal improves physical performance by 10‑15%.",Improves physical performance,None,5-10 min,Easy,"Mental, nervous system",High,All athletes,None,Before every challenging session,N/A,N/A,"Increase visualisation detail and duration"
111,Mind Body,Breathing,Performance,Use Physiological Sigh Between Sets,"One deep inhale, second shorter inhale, then long slow exhale – rapidly reduces heart rate between sets, prepares for next effort.",Fastest heart‑rate reduction between sets,None,5-10 sec between sets,Easy,"Cardiovascular, respiratory system",Very High,All athletes,None,Between every hard set,N/A,N/A,"Practice until automatic"
112,Mind Body,Cold Exposure,Resilience,Take Cold Showers for Mental Toughness,"End shower with 30‑60 seconds cold water – builds stress resilience, increases norepinephrine (focus & mood), improves circulation.",Mental resilience, norepinephrine boost,Shower,30‑60 sec cold at end,Easy (mentally challenging),"Cardiovascular system, nervous system",Moderate,"General population, athletes","Cardiovascular disease, Raynaud’s",Daily,N/A,N/A,"Gradually increase cold exposure time"
113,Technology,Wearables,Tracking,Use Heart Rate Monitor for Training Zones,"Train in specific zones (Zone 2: 60‑70% max HR for aerobic base; Zone 4: 80‑90% for threshold) – optimises intensity for specific adaptations.",Ensures training at optimal intensity,"Heart rate monitor or smartwatch",Every session,All levels,Cardiovascular system,Very High,All athletes,None,Every session,N/A,N/A,"Spend more time in specific zones based on goal"
114,Technology,Apps,Programming,Follow a Structured Training Program App,"Use progressive program apps (Strong, Fitbod) or a coach – structured progression produces 3× better results than random workouts.",Dramatically improves results over random training,"Smartphone, gym equipment",Per program schedule,All levels,Varies by program,Very High,All gym‑goers,None,Per program,Varies,Per program,"Follow program progression exactly"
115,Warm Up,Dynamic,Pre‑Exercise,Do Exercise‑Specific Warm‑Up Sets,"Before first heavy set: 2‑3 warm‑up sets at 40%, 60%, 80% of working weight – prepares joints, muscles, nervous system for max effort.",Prepares nervous system and joints for heavy loads,"Workout‑specific equipment",5-10 min,Easy,Muscles for that session,Very High,All gym‑goers,None,Before every strength session,"50-100 kcal","30-60 sec between warm‑up sets",N/A — keep light
116,Cool Down,Recovery,Post‑Exercise,Always Cool Down After Intense Exercise,"5‑10 minutes walking or light cycling – gradually lowers heart rate, prevents blood pooling in legs, begins recovery.",Prevents dizziness, begins recovery,"Treadmill or bike",5-10 min,Easy,Cardiovascular system,High,All athletes,None,After every intense session,"50-100 kcal",Continuous light effort,N/A
117,Posture,Corrective,Office Workers,Do Desk Worker Corrective Exercises,"Band pull‑aparts, face pulls, chest openers, wall angels – counteracts internal rotation and forward head posture from desk work.",Corrects desk posture, prevents neck/shoulder pain,"Resistance band, wall",10-15 min,Easy,"Upper back, rotator cuff, posterior deltoids",High,Office workers,None,Daily,"50-80 kcal",30 sec between exercises,"Add resistance or reps"
118,Posture,Corrective,Glute Activation,Activate Glutes Before Lower Body Training,"Glute bridges, clamshells, band walks – 10 minutes – wakes up glutes that become inhibited from sitting.",Prevents knee caving and lower back injury during lifts,"Resistance band, mat",10 min,Easy,"Gluteus maximus, medius, minimus",High,"All gym‑goers, office workers",None,Before every lower body session,"60-80 kcal",30 sec between exercises,"Add resistance or single‑leg variations"
119,Tracking,Progress,Measurement,Take Monthly Progress Photos and Measurements,"Photo in same lighting & position monthly; measure waist, hips, chest, arms – more reliable indicators of progress than scale weight.",Objective evidence of body composition changes,"Tape measure, camera",5 min monthly,Easy,N/A,High,All fitness enthusiasts,None,Monthly,N/A,N/A,N/A
120,Consistency,Habits,Adherence,Build Workout Habit with Minimum Viable Workout,"On low motivation days commit to a 10‑minute minimum workout – starting is the hardest part, and most people continue once they begin.",Builds unbreakable exercise habit,Any,"Minimum 10 min",Easy,Varies,High,All fitness levels,None,Daily habit,Varies,N/A,"Gradually increase minimum threshold"